Series ID;Year;Value
Alabama;1980;1521130,833
Alabama;1981;1500420,917
Alabama;1982;1474267
Alabama;1983;1514302,333
Alabama;1984;1591387,417
Alabama;1985;1637886,583
Alabama;1986;1680463,5
Alabama;1987;1718154,75
Alabama;1988;1742445,167
Alabama;1989;1762935,083
Alabama;1990;1777608,167
Alabama;1991;1779884,833
Alabama;1992;1816349,917
Alabama;1993;1856783,333
Alabama;1994;1900762,833
Alabama;1995;1944018,5
Alabama;1996;1977535,417
Alabama;1997;2027146,583
Alabama;1998;2042829,917
Alabama;1999;2038989,583
Alabama;2000;2035565,917
Alabama;2001;2006601,917
Alabama;2002;1982366,833
Alabama;2003;1992559,833
Alabama;2004;2014613
Alabama;2005;2049860,333
Alabama;2006;2080321,833
Alabama;2007;2089058,5
Alabama;2008;2053103,5
Alabama;2009;1925771,833
Alabama;2010;1964694,333
Alabama;2011;1990569,917
Alabama;2012;2004116,75
Alabama;2013;2017267,083
Alabama;2014;2014239,75
Alabama;2015;2027212,167
Alabama;2016;2049971,333
Alabama;2017;2081691,667
Alabama;2018;2111834,333
Alabama;2019;2130836,25
Alaska;1980;169401,5
Alaska;1981;177704,0833
Alaska;1982;191722,25
Alaska;1983;208694,1667
Alaska;1984;221308,8333
Alaska;1985;227742,5833
Alaska;1986;227199,5833
Alaska;1987;223081,25
Alaska;1988;226976,9167
Alaska;1989;237792,25
Alaska;1990;248939,3333
Alaska;1991;253044,75
Alaska;1992;261585,6667
Alaska;1993;272681,5
Alaska;1994;279464,3333
Alaska;1995;281879,3333
Alaska;1996;286280,5833
Alaska;1997;290890,8333
Alaska;1998;295780,1667
Alaska;1999;297364,3333
Alaska;2000;299145,0833
Alaska;2001;300772,1667
Alaska;2002;302565,8333
Alaska;2003;305724,4167
Alaska;2004;311637,1667
Alaska;2005;320810,75
Alaska;2006;326532,1667
Alaska;2007;328597,5
Alaska;2008;332262,5
Alaska;2009;331793,5
Alaska;2010;333426,3333
Alaska;2011;338139,8333
Alaska;2012;339463,6667
Alaska;2013;339868,3333
Alaska;2014;340340,5
Alaska;2015;339731
Alaska;2016;337370,3333
Alaska;2017;335702,9167
Alaska;2018;333360,6667
Alaska;2019;331925,75
Arizona;1980;1146053,083
Arizona;1981;1192453,917
Arizona;1982;1206012,75
Arizona;1983;1263921
Arizona;1984;1357852,833
Arizona;1985;1392905,75
Arizona;1986;1454815,833
Arizona;1987;1513836,083
Arizona;1988;1560476,917
Arizona;1989;1627639,167
Arizona;1990;1691082,25
Arizona;1991;1697794,333
Arizona;1992;1732184
Arizona;1993;1824338,083
Arizona;1994;1974697,5
Arizona;1995;2109988,417
Arizona;1996;2157864,75
Arizona;1997;2203219,667
Arizona;1998;2284982,25
Arizona;1999;2363424,917
Arizona;2000;2410468,167
Arizona;2001;2461040,5
Arizona;2002;2516348,417
Arizona;2003;2578486,167
Arizona;2004;2654811,583
Arizona;2005;2748768,083
Arizona;2006;2863728,917
Arizona;2007;2918079,417
Arizona;2008;2913363,167
Arizona;2009;2818965,75
Arizona;2010;2769378,75
Arizona;2011;2748418,917
Arizona;2012;2776596
Arizona;2013;2795675,583
Arizona;2014;2889101,5
Arizona;2015;2975304,083
Arizona;2016;3065817,75
Arizona;2017;3165128,333
Arizona;2018;3271004,833
Arizona;2019;3331808,75
Arkansas;1980;922897,5833
Arkansas;1981;933380,5
Arkansas;1982;922668,9167
Arkansas;1983;930083,75
Arkansas;1984;951892,5833
Arkansas;1985;957078,25
Arkansas;1986;975962,4167
Arkansas;1987;1003728,75
Arkansas;1988;1027745,083
Arkansas;1989;1049841,25
Arkansas;1990;1053457,25
Arkansas;1991;1046000,917
Arkansas;1992;1072336,083
Arkansas;1993;1105476,833
Arkansas;1994;1153275,667
Arkansas;1995;1178637,75
Arkansas;1996;1183083,917
Arkansas;1997;1177654,083
Arkansas;1998;1177414,583
Arkansas;1999;1197341,667
Arkansas;2000;1204849,667
Arkansas;2001;1191139,75
Arkansas;2002;1201542
Arkansas;2003;1196247,917
Arkansas;2004;1226051,917
Arkansas;2005;1275668,583
Arkansas;2006;1294718,917
Arkansas;2007;1296673,583
Arkansas;2008;1299738,75
Arkansas;2009;1252429,083
Arkansas;2010;1242720,083
Arkansas;2011;1249600,5
Arkansas;2012;1241852,583
Arkansas;2013;1226586,5
Arkansas;2014;1237164,333
Arkansas;2015;1264629,75
Arkansas;2016;1286962,333
Arkansas;2017;1297649,667
Arkansas;2018;1301255,417
Arkansas;2019;1307764
California;1980;10787592,92
California;1981;10953684,92
California;1982;10942757,75
California;1983;11089258,5
California;1984;11657813
California;1985;12052635,75
California;1986;12438515,67
California;1987;12946787
California;1988;13394240,83
California;1989;13807529,92
California;1990;14259566,83
California;1991;13961628,92
California;1992;13880406,58
California;1993;13817922,08
California;1994;13943182,58
California;1995;14048955
California;1996;14301797,75
California;1997;14787116,75
California;1998;15187396,58
California;1999;15558995,58
California;2000;16033776,5
California;2001;16195029,42
California;2002;16110406,75
California;2003;16100682,25
California;2004;16300526,83
California;2005;16583799,67
California;2006;16787237,58
California;2007;16934085,25
California;2008;16851937,25
California;2009;16188110,58
California;2010;16092953,42
California;2011;16255889,58
California;2012;16605373,17
California;2013;16962360,17
California;2014;17310885,42
California;2015;17684499,58
California;2016;18002852,75
California;2017;18285073,5
California;2018;18573601,92
California;2019;18733278,25
Colorado;1980;1405221,667
Colorado;1981;1450992,667
Colorado;1982;1478985,917
Colorado;1983;1548297,5
Colorado;1984;1622547,917
Colorado;1985;1610380,083
Colorado;1986;1577705,083
Colorado;1987;1572884
Colorado;1988;1586630,417
Colorado;1989;1606493,833
Colorado;1990;1671092,25
Colorado;1991;1700644,167
Colorado;1992;1734689,583
Colorado;1993;1828704
Colorado;1994;1953096,917
Colorado;1995;2039899,25
Colorado;1996;2064067,583
Colorado;1997;2141109,5
Colorado;1998;2228266,083
Colorado;1999;2272274,167
Colorado;2000;2294267,917
Colorado;2001;2299585,917
Colorado;2002;2308117,333
Colorado;2003;2337934,5
Colorado;2004;2393243,75
Colorado;2005;2435108,417
Colorado;2006;2509262,333
Colorado;2007;2565886
Colorado;2008;2584919,417
Colorado;2009;2525081,167
Colorado;2010;2486413,333
Colorado;2011;2506846,583
Colorado;2012;2540218,5
Colorado;2013;2578470,25
Colorado;2014;2662291,167
Colorado;2015;2720187,417
Colorado;2016;2803309,333
Colorado;2017;2911110,167
Colorado;2018;2993491,667
Colorado;2019;3026162
Connecticut;1980;1495941,083
Connecticut;1981;1497858,583
Connecticut;1982;1498342,583
Connecticut;1983;1522332,75
Connecticut;1984;1585633,833
Connecticut;1985;1629245
Connecticut;1986;1670324,083
Connecticut;1987;1691774,75
Connecticut;1988;1695076,167
Connecticut;1989;1705754,25
Connecticut;1990;1726316,083
Connecticut;1991;1720643,333
Connecticut;1992;1689888,833
Connecticut;1993;1676273,417
Connecticut;1994;1657926,833
Connecticut;1995;1638959,667
Connecticut;1996;1645929,083
Connecticut;1997;1665128,667
Connecticut;1998;1682599,167
Connecticut;1999;1704262,083
Connecticut;2000;1721771,333
Connecticut;2001;1704764,917
Connecticut;2002;1697430,75
Connecticut;2003;1687731,667
Connecticut;2004;1686117
Connecticut;2005;1709618,917
Connecticut;2006;1748878,667
Connecticut;2007;1773333,167
Connecticut;2008;1774496,333
Connecticut;2009;1741033,083
Connecticut;2010;1737845,083
Connecticut;2011;1746029,5
Connecticut;2012;1729707,833
Connecticut;2013;1718712,583
Connecticut;2014;1762664,167
Connecticut;2015;1780979,583
Connecticut;2016;1794058,417
Connecticut;2017;1807413,917
Connecticut;2018;1825801,417
Connecticut;2019;1847325,75
Delaware;1980;262404,75
Delaware;1981;265389,9167
Delaware;1982;269676,4167
Delaware;1983;273337,9167
Delaware;1984;287799,6667
Delaware;1985;300379,9167
Delaware;1986;310838,4167
Delaware;1987;322678,5833
Delaware;1988;337528,25
Delaware;1989;347073,8333
Delaware;1990;343253,9167
Delaware;1991;339273,25
Delaware;1992;347270,9167
Delaware;1993;357811,5
Delaware;1994;366354,5833
Delaware;1995;369181,0833
Delaware;1996;368282,75
Delaware;1997;372170,25
Delaware;1998;380252,9167
Delaware;1999;385189,5
Delaware;2000;398038,4167
Delaware;2001;406967,75
Delaware;2002;400015,1667
Delaware;2003;397508,5833
Delaware;2004;403568,1667
Delaware;2005;414477,4167
Delaware;2006;425384,6667
Delaware;2007;428362,3333
Delaware;2008;424881,1667
Delaware;2009;401364,5833
Delaware;2010;397911,3333
Delaware;2011;410017,0833
Delaware;2012;413444,9167
Delaware;2013;413147,25
Delaware;2014;426346,6667
Delaware;2015;443151,1667
Delaware;2016;450982,0833
Delaware;2017;455507,5833
Delaware;2018;464214,9167
Delaware;2019;469416
Florida;1980;4013808,833
Florida;1981;4224823,5
Florida;1982;4330071,75
Florida;1983;4507854,75
Florida;1984;4833969,75
Florida;1985;5024044,583
Florida;1986;5267115,167
Florida;1987;5550316,5
Florida;1988;5744345,833
Florida;1989;5892006,667
Florida;1990;6065999,167
Florida;1991;6041483,667
Florida;1992;6107818,833
Florida;1993;6276078,917
Florida;1994;6498635,167
Florida;1995;6657385,5
Florida;1996;6800039,5
Florida;1997;7017406,75
Florida;1998;7198466,5
Florida;1999;7362161,667
Florida;2000;7566144,667
Florida;2001;7667841,25
Florida;2002;7657740,917
Florida;2003;7781632,917
Florida;2004;8047203,083
Florida;2005;8400038,667
Florida;2006;8707758,5
Florida;2007;8791706
Florida;2008;8634774,583
Florida;2009;8152682,333
Florida;2010;8194161,333
Florida;2011;8369824,75
Florida;2012;8589782,25
Florida;2013;8773622,583
Florida;2014;8965849,417
Florida;2015;9087193
Florida;2016;9354964,667
Florida;2017;9669242,25
Florida;2018;9864090,25
Florida;2019;9979431
Georgia;1980;2373297
Georgia;1981;2434175,083
Georgia;1982;2448188,583
Georgia;1983;2483630,167
Georgia;1984;2601300,75
Georgia;1985;2693017,083
Georgia;1986;2804811,167
Georgia;1987;2889824,25
Georgia;1988;2965299,083
Georgia;1989;3032001,5
Georgia;1990;3103428,667
Georgia;1991;3108554,083
Georgia;1992;3164035,75
Georgia;1993;3271558,833
Georgia;1994;3405558,583
Georgia;1995;3505147,25
Georgia;1996;3633003,75
Georgia;1997;3779738,25
Georgia;1998;3899434
Georgia;1999;3991507,333
Georgia;2000;4072198,333
Georgia;2001;4088466,833
Georgia;2002;4111660,083
Georgia;2003;4181876,167
Georgia;2004;4238316,583
Georgia;2005;4341670,083
Georgia;2006;4488545,833
Georgia;2007;4598309,25
Georgia;2008;4574400,083
Georgia;2009;4313154,667
Georgia;2010;4202021,417
Georgia;2011;4263083,917
Georgia;2012;4348448,333
Georgia;2013;4367996,083
Georgia;2014;4403480,833
Georgia;2015;4491544,083
Georgia;2016;4657862
Georgia;2017;4822362,083
Georgia;2018;4904898,167
Georgia;2019;4920975,75
Hawaii;1980;416623,0833
Hawaii;1981;425757,5833
Hawaii;1982;429875,4167
Hawaii;1983;442461
Hawaii;1984;446246,8333
Hawaii;1985;453369,25
Hawaii;1986;467950,5
Hawaii;1987;491098,0833
Hawaii;1988;501466
Hawaii;1989;514084
Hawaii;1990;536290,0833
Hawaii;1991;555206,1667
Hawaii;1992;558886,9167
Hawaii;1993;560171,4167
Hawaii;1994;552917,1667
Hawaii;1995;552074,75
Hawaii;1996;558169,8333
Hawaii;1997;563541,9167
Hawaii;1998;564911,1667
Hawaii;1999;570422,0833
Hawaii;2000;580244
Hawaii;2001;583266,4167
Hawaii;2002;575590,4167
Hawaii;2003;578248,5833
Hawaii;2004;590112,1667
Hawaii;2005;608970,9167
Hawaii;2006;621560,9167
Hawaii;2007;620678,4167
Hawaii;2008;612007,3333
Hawaii;2009;586654,0833
Hawaii;2010;602269,6667
Hawaii;2011;615189,8333
Hawaii;2012;608345,75
Hawaii;2013;619699,6667
Hawaii;2014;636526
Hawaii;2015;649942,8333
Hawaii;2016;662870,0833
Hawaii;2017;667025,8333
Hawaii;2018;662189,0833
Hawaii;2019;655136
Idaho;1980;396606,0833
Idaho;1981;396901,75
Idaho;1982;398793,25
Idaho;1983;413393,3333
Idaho;1984;428854,25
Idaho;1985;429915,5
Idaho;1986;431766,3333
Idaho;1987;435111,5
Idaho;1988;450306,5
Idaho;1989;463624,4167
Idaho;1990;465196,0833
Idaho;1991;476574
Idaho;1992;497279,3333
Idaho;1993;521065,4167
Idaho;1994;555329,6667
Idaho;1995;568203,25
Idaho;1996;584103,3333
Idaho;1997;601184,8333
Idaho;1998;616050,8333
Idaho;1999;619466,5833
Idaho;2000;628902,1667
Idaho;2001;643233,5
Idaho;2002;646757,5
Idaho;2003;651286,4167
Idaho;2004;668594,5
Idaho;2005;702195,5833
Idaho;2006;721258,9167
Idaho;2007;731140,0833
Idaho;2008;716678,25
Idaho;2009;690750,6667
Idaho;2010;692918,0833
Idaho;2011;701398,8333
Idaho;2012;713790,5833
Idaho;2013;723804,6667
Idaho;2014;742368,5833
Idaho;2015;762329,3333
Idaho;2016;784174,75
Idaho;2017;807825,6667
Idaho;2018;832500,8333
Idaho;2019;842590,25
Illinois;1980;5101237,583
Illinois;1981;5114133
Illinois;1982;4976305,833
Illinois;1983;4942520,5
Illinois;1984;5105137,583
Illinois;1985;5158607,333
Illinois;1986;5223263,083
Illinois;1987;5329011,167
Illinois;1988;5460006,583
Illinois;1989;5634211
Illinois;1990;5579613,917
Illinois;1991;5514914,667
Illinois;1992;5550505
Illinois;1993;5621595,917
Illinois;1994;5756498,333
Illinois;1995;5855554,583
Illinois;1996;5917887
Illinois;1997;6000257,25
Illinois;1998;6068620,25
Illinois;1999;6187086
Illinois;2000;6211998,417
Illinois;2001;6112230,75
Illinois;2002;5934621,917
Illinois;2003;5873486,75
Illinois;2004;5931725,583
Illinois;2005;6034372,583
Illinois;2006;6228763,25
Illinois;2007;6335781,833
Illinois;2008;6238180,5
Illinois;2009;5945401,5
Illinois;2010;5936273,417
Illinois;2011;5948171,25
Illinois;2012;5990449,667
Illinois;2013;5959883,25
Illinois;2014;6051528,417
Illinois;2015;6124517,333
Illinois;2016;6169544,333
Illinois;2017;6170586
Illinois;2018;6190699,083
Illinois;2019;6196633,5
Indiana;1980;2372764,833
Indiana;1981;2359231,75
Indiana;1982;2287917,083
Indiana;1983;2294414,667
Indiana;1984;2407102
Indiana;1985;2499642,083
Indiana;1986;2559696,333
Indiana;1987;2586544,333
Indiana;1988;2658793,833
Indiana;1989;2718396,417
Indiana;1990;2664289,583
Indiana;1991;2626878,333
Indiana;1992;2669586,667
Indiana;1993;2789458,667
Indiana;1994;2915061,5
Indiana;1995;2990883,25
Indiana;1996;2983943
Indiana;1997;3011991,667
Indiana;1998;3026613,083
Indiana;1999;3030737,167
Indiana;2000;3029470,083
Indiana;2001;3006658,083
Indiana;2002;3007360,5
Indiana;2003;3013759,917
Indiana;2004;2997678,917
Indiana;2005;3030278,75
Indiana;2006;3071095,25
Indiana;2007;3061557,833
Indiana;2008;3041168,917
Indiana;2009;2866182,75
Indiana;2010;2846233,417
Indiana;2011;2891692,25
Indiana;2012;2905853,333
Indiana;2013;2944736,667
Indiana;2014;3033023,833
Indiana;2015;3109480,917
Indiana;2016;3182331,417
Indiana;2017;3218100
Indiana;2018;3265055,833
Indiana;2019;3287759,75
Iowa;1980;1348604,167
Iowa;1981;1332747,583
Iowa;1982;1303068,583
Iowa;1983;1307143,083
Iowa;1984;1317517,083
Iowa;1985;1307593,333
Iowa;1986;1337016,167
Iowa;1987;1373435,583
Iowa;1988;1424349,667
Iowa;1989;1445469,667
Iowa;1990;1387444,25
Iowa;1991;1406136
Iowa;1992;1444237,75
Iowa;1993;1496809,083
Iowa;1994;1523835,75
Iowa;1995;1532536,75
Iowa;1996;1551997,833
Iowa;1997;1553241,417
Iowa;1998;1552201
Iowa;1999;1555160,583
Iowa;2000;1548543,75
Iowa;2001;1559068,917
Iowa;2002;1572457,5
Iowa;2003;1534415,333
Iowa;2004;1529676,333
Iowa;2005;1560163,25
Iowa;2006;1596252,333
Iowa;2007;1599606,167
Iowa;2008;1608619,333
Iowa;2009;1579621,167
Iowa;2010;1577500,583
Iowa;2011;1570382,167
Iowa;2012;1569676,917
Iowa;2013;1595085,167
Iowa;2014;1629384,667
Iowa;2015;1637312,5
Iowa;2016;1633300
Iowa;2017;1626609,25
Iowa;2018;1643630,833
Iowa;2019;1662607
Kansas;1980;1134805,833
Kansas;1981;1135857,917
Kansas;1982;1118637,083
Kansas;1983;1119260,5
Kansas;1984;1144628,417
Kansas;1985;1165410,167
Kansas;1986;1175418,75
Kansas;1987;1202048,417
Kansas;1988;1218589,75
Kansas;1989;1230782,417
Kansas;1990;1217609,75
Kansas;1991;1223679,5
Kansas;1992;1249937,083
Kansas;1993;1267118,417
Kansas;1994;1282751
Kansas;1995;1290073
Kansas;1996;1300346,333
Kansas;1997;1330008,5
Kansas;1998;1366499,667
Kansas;1999;1379007,667
Kansas;2000;1356208,667
Kansas;2001;1331943,083
Kansas;2002;1341790,417
Kansas;2003;1357742,833
Kansas;2004;1383679
Kansas;2005;1392009,083
Kansas;2006;1402699,417
Kansas;2007;1420488,75
Kansas;2008;1430533,083
Kansas;2009;1413930,167
Kansas;2010;1395098,917
Kansas;2011;1394116,083
Kansas;2012;1400017,417
Kansas;2013;1407444,583
Kansas;2014;1424423,917
Kansas;2015;1428698,083
Kansas;2016;1425437,083
Kansas;2017;1424746,25
Kansas;2018;1432155
Kansas;2019;1435111,5
Kentucky;1980;1527145,833
Kentucky;1981;1522046,917
Kentucky;1982;1501481,083
Kentucky;1983;1507804,5
Kentucky;1984;1546283,333
Kentucky;1985;1537985,167
Kentucky;1986;1534572,75
Kentucky;1987;1548963,25
Kentucky;1988;1582281,083
Kentucky;1989;1626108
Kentucky;1990;1649072,167
Kentucky;1991;1634609
Kentucky;1992;1656534,417
Kentucky;1993;1691004
Kentucky;1994;1727809,167
Kentucky;1995;1755043,833
Kentucky;1996;1771719,417
Kentucky;1997;1814724,083
Kentucky;1998;1844299,917
Kentucky;1999;1871166
Kentucky;2000;1883786
Kentucky;2001;1857155,75
Kentucky;2002;1833569,583
Kentucky;2003;1839575,917
Kentucky;2004;1857587,333
Kentucky;2005;1882217,583
Kentucky;2006;1913007,25
Kentucky;2007;1922622,083
Kentucky;2008;1900368,833
Kentucky;2009;1847673,917
Kentucky;2010;1845235,75
Kentucky;2011;1863054,5
Kentucky;2012;1891460,667
Kentucky;2013;1891384,5
Kentucky;2014;1876914,75
Kentucky;2015;1875071,833
Kentucky;2016;1910913,25
Kentucky;2017;1952960,833
Kentucky;2018;1972235,917
Kentucky;2019;1980113
Louisiana;1980;1664485,25
Louisiana;1981;1699097,833
Louisiana;1982;1675702,333
Louisiana;1983;1688367
Louisiana;1984;1755171,167
Louisiana;1985;1756582,5
Louisiana;1986;1726585,333
Louisiana;1987;1712118,083
Louisiana;1988;1712837,167
Louisiana;1989;1731696
Louisiana;1990;1753368,333
Louisiana;1991;1768876,5
Louisiana;1992;1767191,917
Louisiana;1993;1753426,75
Louisiana;1994;1790426,75
Louisiana;1995;1822219,417
Louisiana;1996;1857789,583
Louisiana;1997;1900144,167
Louisiana;1998;1932957,417
Louisiana;1999;1935864,083
Louisiana;2000;1929285,917
Louisiana;2001;1911316,583
Louisiana;2002;1882018,583
Louisiana;2003;1888290,083
Louisiana;2004;1916088,583
Louisiana;2005;1922215,167
Louisiana;2006;1898906,75
Louisiana;2007;1943860,083
Louisiana;2008;1981887,583
Louisiana;2009;1924586,167
Louisiana;2010;1920103,583
Louisiana;2011;1910778,333
Louisiana;2012;1933130
Louisiana;2013;1961285,833
Louisiana;2014;2014224,833
Louisiana;2015;2022644,5
Louisiana;2016;1992949
Louisiana;2017;1995783,5
Louisiana;2018;2000828,833
Louisiana;2019;2001762,75
Maine;1980;467433,6667
Maine;1981;472495,3333
Maine;1982;475301,9167
Maine;1983;491341,6667
Maine;1984;513547,6667
Maine;1985;521497,75
Maine;1986;532961,6667
Maine;1987;559213,9167
Maine;1988;576817,1667
Maine;1989;589934
Maine;1990;599502,75
Maine;1991;596419,1667
Maine;1992;597227,5
Maine;1993;583369,8333
Maine;1994;578206,25
Maine;1995;599674,75
Maine;1996;622468,8333
Maine;1997;623548,75
Maine;1998;623879,0833
Maine;1999;642213,9167
Maine;2000;655327,75
Maine;2001;648463,1667
Maine;2002;645996,1667
Maine;2003;649538,25
Maine;2004;654130
Maine;2005;663192,75
Maine;2006;669577,0833
Maine;2007;667798,5833
Maine;2008;663051,9167
Maine;2009;640033,5
Maine;2010;638614,4167
Maine;2011;644116,0833
Maine;2012;650149,8333
Maine;2013;658619,0833
Maine;2014;657245,8333
Maine;2015;653367,1667
Maine;2016;665109,75
Maine;2017;674761,5833
Maine;2018;675259,8333
Maine;2019;673879,5
Maryland;1980;2006966
Maryland;1981;2013437,5
Maryland;1982;1994806,833
Maryland;1983;2042439,417
Maryland;1984;2120134,333
Maryland;1985;2175048,333
Maryland;1986;2240117,083
Maryland;1987;2303450,667
Maryland;1988;2364346,083
Maryland;1989;2427900,583
Maryland;1990;2473681,667
Maryland;1991;2457263,583
Maryland;1992;2471198,583
Maryland;1993;2494012
Maryland;1994;2540321,5
Maryland;1995;2574203,25
Maryland;1996;2602720,583
Maryland;1997;2629882,333
Maryland;1998;2642662,75
Maryland;1999;2667416,583
Maryland;2000;2703411,083
Maryland;2001;2724206,417
Maryland;2002;2742577,167
Maryland;2003;2754373,333
Maryland;2004;2766065,083
Maryland;2005;2803768,667
Maryland;2006;2849057,5
Maryland;2007;2867685,333
Maryland;2008;2874592,5
Maryland;2009;2820556,75
Maryland;2010;2838955,5
Maryland;2011;2872086,833
Maryland;2012;2902592,917
Maryland;2013;2923788,25
Maryland;2014;2941513,667
Maryland;2015;2980302,083
Maryland;2016;3019250,5
Maryland;2017;3057805,833
Maryland;2018;3071108,417
Maryland;2019;3084734,75
Massachusetts;1980;2706509,583
Massachusetts;1981;2751273,333
Massachusetts;1982;2756351,083
Massachusetts;1983;2794193,167
Massachusetts;1984;2893296
Massachusetts;1985;2930915
Massachusetts;1986;2946997,667
Massachusetts;1987;2994231,917
Massachusetts;1988;3039128,917
Massachusetts;1989;3044741,5
Massachusetts;1990;3003520,417
Massachusetts;1991;2919943,167
Massachusetts;1992;2911750,75
Massachusetts;1993;2952836,667
Massachusetts;1994;3007169,917
Massachusetts;1995;3044920,417
Massachusetts;1996;3098034,083
Massachusetts;1997;3176257,167
Massachusetts;1998;3230980,75
Massachusetts;1999;3247452,917
Massachusetts;2000;3240397,75
Massachusetts;2001;3254755,75
Massachusetts;2002;3250202,083
Massachusetts;2003;3226731,333
Massachusetts;2004;3220118
Massachusetts;2005;3220305,833
Massachusetts;2006;3245767,167
Massachusetts;2007;3268559,5
Massachusetts;2008;3261093,917
Massachusetts;2009;3190452,083
Massachusetts;2010;3190800,167
Massachusetts;2011;3217458,917
Massachusetts;2012;3253196,167
Massachusetts;2013;3277741,167
Massachusetts;2014;3363433,25
Massachusetts;2015;3418532,333
Massachusetts;2016;3479633,25
Massachusetts;2017;3557216,917
Massachusetts;2018;3676676,583
Massachusetts;2019;3726994,5
Michigan;1980;3772874,75
Michigan;1981;3768295,917
Michigan;1982;3628324,75
Michigan;1983;3673944,583
Michigan;1984;3853085,25
Michigan;1985;3925481,667
Michigan;1986;4010898,833
Michigan;1987;4136402,583
Michigan;1988;4212022,5
Michigan;1989;4261695,333
Michigan;1990;4255785,917
Michigan;1991;4172921,833
Michigan;1992;4258381,667
Michigan;1993;4400517,833
Michigan;1994;4518796,833
Michigan;1995;4559857,5
Michigan;1996;4639118,25
Michigan;1997;4744313,333
Michigan;1998;4818805,333
Michigan;1999;4927417,75
Michigan;2000;4974840,083
Michigan;2001;4855027,25
Michigan;2002;4702986,5
Michigan;2003;4666543,5
Michigan;2004;4704656,583
Michigan;2005;4739339
Michigan;2006;4720481,5
Michigan;2007;4659968,333
Michigan;2008;4526707,583
Michigan;2009;4237407,417
Michigan;2010;4194640,833
Michigan;2011;4197922,5
Michigan;2012;4247336,583
Michigan;2013;4309820,833
Michigan;2014;4416627,417
Michigan;2015;4502114,083
Michigan;2016;4606654,167
Michigan;2017;4660795,917
Michigan;2018;4698459
Michigan;2019;4733338
Minnesota;1980;1983342,75
Minnesota;1981;1999006,417
Minnesota;1982;1983627,167
Minnesota;1983;2001033,833
Minnesota;1984;2064183,25
Minnesota;1985;2094696,083
Minnesota;1986;2117586,5
Minnesota;1987;2163567
Minnesota;1988;2208823
Minnesota;1989;2250241,25
Minnesota;1990;2283910,833
Minnesota;1991;2302793,5
Minnesota;1992;2342190,583
Minnesota;1993;2391484,333
Minnesota;1994;2452203,417
Minnesota;1995;2506891,167
Minnesota;1996;2547641
Minnesota;1997;2592096,917
Minnesota;1998;2638875,083
Minnesota;1999;2680189,167
Minnesota;2000;2724218,833
Minnesota;2001;2737715,833
Minnesota;2002;2731168,25
Minnesota;2003;2734140,083
Minnesota;2004;2745235,5
Minnesota;2005;2763241,833
Minnesota;2006;2772055,167
Minnesota;2007;2773811
Minnesota;2008;2766048,583
Minnesota;2009;2713817,75
Minnesota;2010;2721572,083
Minnesota;2011;2754806,833
Minnesota;2012;2781618,75
Minnesota;2013;2811996,167
Minnesota;2014;2848837,333
Minnesota;2015;2887612
Minnesota;2016;2916450
Minnesota;2017;2952937,583
Minnesota;2018;2980354,083
Minnesota;2019;2991799,25
Mississippi;1980;978222
Mississippi;1981;969235,25
Mississippi;1982;945908,8333
Mississippi;1983;932831,4167
Mississippi;1984;963476,9167
Mississippi;1985;1007191,333
Mississippi;1986;1021234,667
Mississippi;1987;1035275,333
Mississippi;1988;1049209,917
Mississippi;1989;1074804
Mississippi;1990;1093665,25
Mississippi;1991;1083032,333
Mississippi;1992;1094296,667
Mississippi;1993;1134674,667
Mississippi;1994;1170510,917
Mississippi;1995;1180477,083
Mississippi;1996;1188307,417
Mississippi;1997;1200379,083
Mississippi;1998;1207946,417
Mississippi;1999;1221048,833
Mississippi;2000;1248337,333
Mississippi;2001;1222432,5
Mississippi;2002;1201338,25
Mississippi;2003;1218821,083
Mississippi;2004;1232198,083
Mississippi;2005;1218788,5
Mississippi;2006;1205603
Mississippi;2007;1224337
Mississippi;2008;1220769,5
Mississippi;2009;1149253,083
Mississippi;2010;1170829,833
Mississippi;2011;1208963
Mississippi;2012;1198405,833
Mississippi;2013;1164023,083
Mississippi;2014;1156304,083
Mississippi;2015;1184503,167
Mississippi;2016;1205195,75
Mississippi;2017;1215149,75
Mississippi;2018;1214961,5
Mississippi;2019;1208282,25
Missouri;1980;2139862
Missouri;1981;2144737,333
Missouri;1982;2111767,75
Missouri;1983;2124042,667
Missouri;1984;2216295,667
Missouri;1985;2299115,083
Missouri;1986;2377701
Missouri;1987;2420650,583
Missouri;1988;2437120,833
Missouri;1989;2467663,083
Missouri;1990;2460709,417
Missouri;1991;2471806,5
Missouri;1992;2486984,917
Missouri;1993;2517210,417
Missouri;1994;2630098
Missouri;1995;2728652,5
Missouri;1996;2770024,833
Missouri;1997;2800735,5
Missouri;1998;2796275,25
Missouri;1999;2809943,5
Missouri;2000;2854070,167
Missouri;2001;2862667
Missouri;2002;2839724,083
Missouri;2003;2850411,25
Missouri;2004;2838208,417
Missouri;2005;2847042
Missouri;2006;2882107,75
Missouri;2007;2880095,083
Missouri;2008;2842392,583
Missouri;2009;2767877,583
Missouri;2010;2763502,167
Missouri;2011;2788834,917
Missouri;2012;2814593,083
Missouri;2013;2818656,167
Missouri;2014;2860212,583
Missouri;2015;2921299,333
Missouri;2016;2940330
Missouri;2017;2946334,5
Missouri;2018;2954342,667
Missouri;2019;2955459
Montana;1980;352790,3333
Montana;1981;358601,9167
Montana;1982;355784,75
Montana;1983;362516,8333
Montana;1984;371241
Montana;1985;372102,1667
Montana;1986;369915,25
Montana;1987;371278,1667
Montana;1988;377662,9167
Montana;1989;385144,25
Montana;1990;379126
Montana;1991;377869,5833
Montana;1992;389277,9167
Montana;1993;397142,75
Montana;1994;409629,5833
Montana;1995;418048,8333
Montana;1996;425402,5833
Montana;1997;428618,3333
Montana;1998;434895,6667
Montana;1999;440132,8333
Montana;2000;444275,8333
Montana;2001;444835,3333
Montana;2002;446564,9167
Montana;2003;449232,75
Montana;2004;457402,1667
Montana;2005;464956
Montana;2006;476403,8333
Montana;2007;484119,8333
Montana;2008;483141,75
Montana;2009;466819,1667
Montana;2010;464050,5
Montana;2011;466456,3333
Montana;2012;476276,5833
Montana;2013;483054,6667
Montana;2014;488528,5
Montana;2015;495831,8333
Montana;2016;500571,5
Montana;2017;504295,5
Montana;2018;508537,1667
Montana;2019;510658,25
Nebraska;1980;739617,5833
Nebraska;1981;742289
Nebraska;1982;740600,4167
Nebraska;1983;744115,4167
Nebraska;1984;756804,0833
Nebraska;1985;764834,9167
Nebraska;1986;767742,75
Nebraska;1987;774192
Nebraska;1988;784415,0833
Nebraska;1989;792891
Nebraska;1990;805614
Nebraska;1991;814118,4167
Nebraska;1992;823225,25
Nebraska;1993;840637,0833
Nebraska;1994;862883,1667
Nebraska;1995;878486
Nebraska;1996;889377,6667
Nebraska;1997;898314,75
Nebraska;1998;907168,8333
Nebraska;1999;911641,25
Nebraska;2000;918394,3333
Nebraska;2001;920867
Nebraska;2002;919633,5
Nebraska;2003;926184,75
Nebraska;2004;932523,0833
Nebraska;2005;935926,8333
Nebraska;2006;939822,5833
Nebraska;2007;949605,9167
Nebraska;2008;956600,3333
Nebraska;2009;945724
Nebraska;2010;947370,4167
Nebraska;2011;959099,3333
Nebraska;2012;974479,25
Nebraska;2013;980013,4167
Nebraska;2014;977604,9167
Nebraska;2015;977013,1667
Nebraska;2016;978619,6667
Nebraska;2017;982403,0833
Nebraska;2018;991622
Nebraska;2019;999414,25
Nevada;1980;403003,8333
Nevada;1981;429919,8333
Nevada;1982;434493,0833
Nevada;1983;439445,75
Nevada;1984;460216,1667
Nevada;1985;476487,0833
Nevada;1986;498012,8333
Nevada;1987;522429,3333
Nevada;1988;551636,1667
Nevada;1989;575827,5833
Nevada;1990;638135,9167
Nevada;1991;661830,0833
Nevada;1992;683165,5833
Nevada;1993;716312,25
Nevada;1994;761648,9167
Nevada;1995;797294,0833
Nevada;1996;846496,75
Nevada;1997;898338,9167
Nevada;1998;937598,5833
Nevada;1999;979698,1667
Nevada;2000;1022727,25
Nevada;2001;1054150,583
Nevada;2002;1066251,167
Nevada;2003;1088709,583
Nevada;2004;1126794,083
Nevada;2005;1173884,25
Nevada;2006;1233248,417
Nevada;2007;1270602,25
Nevada;2008;1272089,417
Nevada;2009;1196926,417
Nevada;2010;1175004,417
Nevada;2011;1194141,417
Nevada;2012;1222710,417
Nevada;2013;1248269,833
Nevada;2014;1278757,917
Nevada;2015;1311994
Nevada;2016;1342583,583
Nevada;2017;1384548,5
Nevada;2018;1431110,833
Nevada;2019;1456149
New Hampshire;1980;445567,5833
New Hampshire;1981;452875,0833
New Hampshire;1982;454004,8333
New Hampshire;1983;470886,1667
New Hampshire;1984;498185,9167
New Hampshire;1985;520893,6667
New Hampshire;1986;545931
New Hampshire;1987;568987,9167
New Hampshire;1988;585471,5
New Hampshire;1989;592013,6667
New Hampshire;1990;584991,25
New Hampshire;1991;569466,25
New Hampshire;1992;569494,3333
New Hampshire;1993;579711
New Hampshire;1994;595226,5833
New Hampshire;1995;606170,0833
New Hampshire;1996;613920,75
New Hampshire;1997;627773
New Hampshire;1998;643056,25
New Hampshire;1999;656992,6667
New Hampshire;2000;669694,3333
New Hampshire;2001;673653,25
New Hampshire;2002;670834,75
New Hampshire;2003;676947,75
New Hampshire;2004;689230,5
New Hampshire;2005;699914,8333
New Hampshire;2006;706863,9167
New Hampshire;2007;712097,0833
New Hampshire;2008;714062,75
New Hampshire;2009;697814,5
New Hampshire;2010;695242,1667
New Hampshire;2011;696579,4167
New Hampshire;2012;700414,4167
New Hampshire;2013;703614
New Hampshire;2014;711556,75
New Hampshire;2015;720454,1667
New Hampshire;2016;729869,5833
New Hampshire;2017;734043,0833
New Hampshire;2018;742356,3333
New Hampshire;2019;747778,75
New Jersey;1980;3333760,833
New Jersey;1981;3337124,167
New Jersey;1982;3310441,167
New Jersey;1983;3392898,833
New Jersey;1984;3575456,417
New Jersey;1985;3628303,25
New Jersey;1986;3707745,417
New Jersey;1987;3799945,167
New Jersey;1988;3823064,333
New Jersey;1989;3832470,333
New Jersey;1990;3849537,5
New Jersey;1991;3793987
New Jersey;1992;3723163,583
New Jersey;1993;3713842,25
New Jersey;1994;3781912,583
New Jersey;1995;3857821,583
New Jersey;1996;3947236,75
New Jersey;1997;4040194,667
New Jersey;1998;4052562,333
New Jersey;1999;4095349,583
New Jersey;2000;4123209
New Jersey;2001;4106196,083
New Jersey;2002;4095688,083
New Jersey;2003;4092918,25
New Jersey;2004;4137907,583
New Jersey;2005;4195496,25
New Jersey;2006;4235370,667
New Jersey;2007;4253058,083
New Jersey;2008;4263119,083
New Jersey;2009;4140105,5
New Jersey;2010;4121498,583
New Jersey;2011;4138359,833
New Jersey;2012;4160294,917
New Jersey;2013;4174342
New Jersey;2014;4183354,167
New Jersey;2015;4229749,333
New Jersey;2016;4252420,583
New Jersey;2017;4247475,75
New Jersey;2018;4238478,25
New Jersey;2019;4267527,75
New Mexico;1980;523372,3333
New Mexico;1981;535944
New Mexico;1982;540360,5833
New Mexico;1983;549978,25
New Mexico;1984;576133,5833
New Mexico;1985;595475,8333
New Mexico;1986;608800,3333
New Mexico;1987;616998,4167
New Mexico;1988;634189,4167
New Mexico;1989;649710,4167
New Mexico;1990;666907,6667
New Mexico;1991;673554,25
New Mexico;1992;688492,9167
New Mexico;1993;706191
New Mexico;1994;730443,5833
New Mexico;1995;746525,0833
New Mexico;1996;753942,5833
New Mexico;1997;771134,25
New Mexico;1998;783956,25
New Mexico;1999;789774,4167
New Mexico;2000;804102
New Mexico;2001;815715
New Mexico;2002;826104,9167
New Mexico;2003;837608,1667
New Mexico;2004;852507,5833
New Mexico;2005;871350,25
New Mexico;2006;889333,8333
New Mexico;2007;899004,4167
New Mexico;2008;902291,5833
New Mexico;2009;869764,5
New Mexico;2010;860311,1667
New Mexico;2011;860300,9167
New Mexico;2012;861561,9167
New Mexico;2013;860052,8333
New Mexico;2014;869514,8333
New Mexico;2015;873538,25
New Mexico;2016;874377,3333
New Mexico;2017;881360,0833
New Mexico;2018;893565,5
New Mexico;2019;904144,75
New York;1980;7378328,75
New York;1981;7413210,667
New York;1982;7303237,083
New York;1983;7338453
New York;1984;7525216,5
New York;1985;7744525,167
New York;1986;7913307
New York;1987;8068578,75
New York;1988;8181719,5
New York;1989;8266545,667
New York;1990;8339965,25
New York;1991;8110469,75
New York;1992;7997220,25
New York;1993;8027968,5
New York;1994;8074716,667
New York;1995;8113706,5
New York;1996;8236158
New York;1997;8433959,333
New York;1998;8564649,25
New York;1999;8655507,417
New York;2000;8720050,917
New York;2001;8708290,083
New York;2002;8706671,25
New York;2003;8671733,583
New York;2004;8810157,333
New York;2005;8987898,417
New York;2006;9075772,583
New York;2007;9089996,5
New York;2008;9136831,5
New York;2009;8848935,917
New York;2010;8770193,75
New York;2011;8726728
New York;2012;8794634,917
New York;2013;8916340,583
New York;2014;8926771,917
New York;2015;9059359,833
New York;2016;9094030,5
New York;2017;9113503,833
New York;2018;9177184,833
New York;2019;9237834,75
North Carolina;1980;2671589,75
North Carolina;1981;2722469,5
North Carolina;1982;2665814,083
North Carolina;1983;2680735,5
North Carolina;1984;2826462,583
North Carolina;1985;2933531,583
North Carolina;1986;3017401,583
North Carolina;1987;3118700,75
North Carolina;1988;3199748,667
North Carolina;1989;3276856,167
North Carolina;1990;3332838,75
North Carolina;1991;3333903,917
North Carolina;1992;3386036
North Carolina;1993;3446237,75
North Carolina;1994;3525205,167
North Carolina;1995;3602187,083
North Carolina;1996;3734348,25
North Carolina;1997;3834700,917
North Carolina;1998;3853785,75
North Carolina;1999;3927293,75
North Carolina;2000;3987738,5
North Carolina;2001;3965314,5
North Carolina;2002;3907026,667
North Carolina;2003;3983484,333
North Carolina;2004;4019042,667
North Carolina;2005;4091336,667
North Carolina;2006;4232629,5
North Carolina;2007;4301343,75
North Carolina;2008;4280490
North Carolina;2009;4089817
North Carolina;2010;4115869,333
North Carolina;2011;4157655,5
North Carolina;2012;4246640,5
North Carolina;2013;4318598,25
North Carolina;2014;4400857,25
North Carolina;2015;4498212,75
North Carolina;2016;4613386,917
North Carolina;2017;4717450,417
North Carolina;2018;4786172,167
North Carolina;2019;4822728,75
North Dakota;1980;288401,8333
North Dakota;1981;294612,8333
North Dakota;1982;298401,5833
North Dakota;1983;302112,8333
North Dakota;1984;309576,5
North Dakota;1985;313700,25
North Dakota;1986;313078,25
North Dakota;1987;314357,0833
North Dakota;1988;315494,8333
North Dakota;1989;316296
North Dakota;1990;304422,75
North Dakota;1991;301509,75
North Dakota;1992;300933,25
North Dakota;1993;310070
North Dakota;1994;324255,8333
North Dakota;1995;329392,3333
North Dakota;1996;337431,75
North Dakota;1997;341815,9167
North Dakota;1998;339428,0833
North Dakota;1999;332211
North Dakota;2000;332467,75
North Dakota;2001;331796,5833
North Dakota;2002;327951,5
North Dakota;2003;331852
North Dakota;2004;340406,8333
North Dakota;2005;343553,0833
North Dakota;2006;349845,1667
North Dakota;2007;355809,6667
North Dakota;2008;359282,1667
North Dakota;2009;353503,1667
North Dakota;2010;364035,1667
North Dakota;2011;375112,6667
North Dakota;2012;385649,9167
North Dakota;2013;394356,75
North Dakota;2014;402481,9167
North Dakota;2015;401531,5
North Dakota;2016;400069,6667
North Dakota;2017;399459
North Dakota;2018;393746,3333
North Dakota;2019;394981,5
Ohio;1980;4662038,75
Ohio;1981;4624757,833
Ohio;1982;4475890,583
Ohio;1983;4466466,083
Ohio;1984;4614470,833
Ohio;1985;4695676,333
Ohio;1986;4791222,75
Ohio;1987;4886487,917
Ohio;1988;4997780
Ohio;1989;5081464,917
Ohio;1990;5112544,917
Ohio;1991;5081300,667
Ohio;1992;5097394,25
Ohio;1993;5137067,083
Ohio;1994;5238123,667
Ohio;1995;5320709,5
Ohio;1996;5363707,333
Ohio;1997;5431307,583
Ohio;1998;5462205,917
Ohio;1999;5509298,667
Ohio;2000;5557884,083
Ohio;2001;5565764,583
Ohio;2002;5517667,583
Ohio;2003;5504752,583
Ohio;2004;5501079,25
Ohio;2005;5541889,333
Ohio;2006;5623587,667
Ohio;2007;5658540
Ohio;2008;5580248,417
Ohio;2009;5298893,917
Ohio;2010;5247341,5
Ohio;2011;5260884,667
Ohio;2012;5284211,417
Ohio;2013;5292289,5
Ohio;2014;5372798,417
Ohio;2015;5418277
Ohio;2016;5451057,25
Ohio;2017;5482954
Ohio;2018;5491643,833
Ohio;2019;5532810
Oklahoma;1980;1309973,833
Oklahoma;1981;1386455,583
Oklahoma;1982;1404069,167
Oklahoma;1983;1412093,917
Oklahoma;1984;1449593,083
Oklahoma;1985;1454717,417
Oklahoma;1986;1459334,917
Oklahoma;1987;1445906,25
Oklahoma;1988;1429219,333
Oklahoma;1989;1433807,417
Oklahoma;1990;1436261,167
Oklahoma;1991;1412585,417
Oklahoma;1992;1425599,417
Oklahoma;1993;1442353,75
Oklahoma;1994;1462469,25
Oklahoma;1995;1484545
Oklahoma;1996;1516694,667
Oklahoma;1997;1544312,75
Oklahoma;1998;1568002,25
Oklahoma;1999;1598088,75
Oklahoma;2000;1610265,667
Oklahoma;2001;1614400,417
Oklahoma;2002;1608349,25
Oklahoma;2003;1593363,5
Oklahoma;2004;1607013,167
Oklahoma;2005;1627166,583
Oklahoma;2006;1646891,417
Oklahoma;2007;1655893,167
Oklahoma;2008;1680632,917
Oklahoma;2009;1652684,25
Oklahoma;2010;1648125,75
Oklahoma;2011;1668560,083
Oklahoma;2012;1708940,75
Oklahoma;2013;1707501,333
Oklahoma;2014;1717771,583
Oklahoma;2015;1751959,833
Oklahoma;2016;1743703,167
Oklahoma;2017;1758621,667
Oklahoma;2018;1779391,583
Oklahoma;2019;1772205,75
Oregon;1980;1188193,75
Oregon;1981;1202176,667
Oregon;1982;1176042,583
Oregon;1983;1190008,333
Oregon;1984;1203153,25
Oregon;1985;1204952,917
Oregon;1986;1247686,583
Oregon;1987;1303429
Oregon;1988;1348673,833
Oregon;1989;1387010,417
Oregon;1990;1408108,583
Oregon;1991;1420466,25
Oregon;1992;1439213,333
Oregon;1993;1487352,083
Oregon;1994;1557517
Oregon;1995;1590899,417
Oregon;1996;1621699,083
Oregon;1997;1651309
Oregon;1998;1678186,417
Oregon;1999;1694776,583
Oregon;2000;1725989
Oregon;2001;1706837,333
Oregon;2002;1697545,5
Oregon;2003;1695519,75
Oregon;2004;1703785,417
Oregon;2005;1731856,083
Oregon;2006;1784741,25
Oregon;2007;1822887,167
Oregon;2008;1826923,167
Oregon;2009;1754234,75
Oregon;2010;1773242,833
Oregon;2011;1804104,417
Oregon;2012;1781106,167
Oregon;2013;1760529,333
Oregon;2014;1805571,417
Oregon;2015;1868311,583
Oregon;2016;1949829,25
Oregon;2017;2004829,833
Oregon;2018;2016735,333
Oregon;2019;2027576,5
Pennsylvania;1980;4999640,167
Pennsylvania;1981;5018618
Pennsylvania;1982;4878967,333
Pennsylvania;1983;4849377,667
Pennsylvania;1984;4996345,083
Pennsylvania;1985;5108862
Pennsylvania;1986;5217594,667
Pennsylvania;1987;5342563,333
Pennsylvania;1988;5472922,75
Pennsylvania;1989;5553815,917
Pennsylvania;1990;5509227,333
Pennsylvania;1991;5442965,5
Pennsylvania;1992;5462294,833
Pennsylvania;1993;5491190,917
Pennsylvania;1994;5524048,667
Pennsylvania;1995;5562307
Pennsylvania;1996;5655447,333
Pennsylvania;1997;5746759,583
Pennsylvania;1998;5784280,333
Pennsylvania;1999;5811826,917
Pennsylvania;2000;5855267,167
Pennsylvania;2001;5880705,25
Pennsylvania;2002;5868859,833
Pennsylvania;2003;5820712,25
Pennsylvania;2004;5876027,333
Pennsylvania;2005;5941360,75
Pennsylvania;2006;6005531,333
Pennsylvania;2007;6065160
Pennsylvania;2008;6108554,083
Pennsylvania;2009;5887431,583
Pennsylvania;2010;5841846,75
Pennsylvania;2011;5888538,833
Pennsylvania;2012;5958275,167
Pennsylvania;2013;5970087,75
Pennsylvania;2014;6017362,167
Pennsylvania;2015;6077330,667
Pennsylvania;2016;6103414,083
Pennsylvania;2017;6110641
Pennsylvania;2018;6146127,5
Pennsylvania;2019;6211122,25
Rhode Island;1980;435191,1667
Rhode Island;1981;438931,5833
Rhode Island;1982;429943,5
Rhode Island;1983;437227,75
Rhode Island;1984;460599,0833
Rhode Island;1985;476100,25
Rhode Island;1986;488606,25
Rhode Island;1987;498251,25
Rhode Island;1988;505435,8333
Rhode Island;1989;503089,3333
Rhode Island;1990;491839,5833
Rhode Island;1991;474093,25
Rhode Island;1992;479671,75
Rhode Island;1993;481821,5
Rhode Island;1994;478622
Rhode Island;1995;479028,0833
Rhode Island;1996;487992,1667
Rhode Island;1997;500745,0833
Rhode Island;1998;508051,25
Rhode Island;1999;515813
Rhode Island;2000;521363,8333
Rhode Island;2001;519095,5833
Rhode Island;2002;522825,5833
Rhode Island;2003;530499,0833
Rhode Island;2004;529884,4167
Rhode Island;2005;537171,6667
Rhode Island;2006;544382,5
Rhode Island;2007;543424,9167
Rhode Island;2008;525911,1667
Rhode Island;2009;505039,75
Rhode Island;2010;503196,25
Rhode Island;2011;498310,5833
Rhode Island;2012;500446,5833
Rhode Island;2013;505399,3333
Rhode Island;2014;513741,3333
Rhode Island;2015;521414,5
Rhode Island;2016;524764,5
Rhode Island;2017;529219,3333
Rhode Island;2018;533192,25
Rhode Island;2019;533235,75
South Carolina;1980;1309855,833
South Carolina;1981;1323792,667
South Carolina;1982;1314304,417
South Carolina;1983;1338195
South Carolina;1984;1401003,917
South Carolina;1985;1440920,25
South Carolina;1986;1485488,25
South Carolina;1987;1534504,917
South Carolina;1988;1580080,417
South Carolina;1989;1619434,167
South Carolina;1990;1659231,833
South Carolina;1991;1651416,667
South Carolina;1992;1668780,167
South Carolina;1993;1696736,917
South Carolina;1994;1728223,667
South Carolina;1995;1760597,583
South Carolina;1996;1784133,833
South Carolina;1997;1824416,417
South Carolina;1998;1868008,833
South Carolina;1999;1897079,167
South Carolina;2000;1918491,25
South Carolina;2001;1847873,833
South Carolina;2002;1836202,75
South Carolina;2003;1859454,5
South Carolina;2004;1893948,333
South Carolina;2005;1929536,417
South Carolina;2006;1972903,25
South Carolina;2007;2006063,417
South Carolina;2008;1995886,083
South Carolina;2009;1911301,583
South Carolina;2010;1915151,583
South Carolina;2011;1946073,5
South Carolina;2012;1984913,917
South Carolina;2013;2024616,75
South Carolina;2014;2078604,083
South Carolina;2015;2132379,167
South Carolina;2016;2175854,917
South Carolina;2017;2207820,083
South Carolina;2018;2242433,833
South Carolina;2019;2270730,25
South Dakota;1980;319020,3333
South Dakota;1981;317796,4167
South Dakota;1982;313718,75
South Dakota;1983;317100,6667
South Dakota;1984;326945
South Dakota;1985;328682,9167
South Dakota;1986;332918,5833
South Dakota;1987;338438
South Dakota;1988;342812,25
South Dakota;1989;346510,25
South Dakota;1990;334066,3333
South Dakota;1991;337846,0833
South Dakota;1992;344821,25
South Dakota;1993;353245,5833
South Dakota;1994;365835,4167
South Dakota;1995;375528,1667
South Dakota;1996;378869,75
South Dakota;1997;382183,9167
South Dakota;1998;388297,6667
South Dakota;1999;395087,4167
South Dakota;2000;398661
South Dakota;2001;399951,8333
South Dakota;2002;404264,6667
South Dakota;2003;408081,4167
South Dakota;2004;411758,9167
South Dakota;2005;414234,0833
South Dakota;2006;421470,0833
South Dakota;2007;430080,5833
South Dakota;2008;432834,5833
South Dakota;2009;423986,8333
South Dakota;2010;419344,9167
South Dakota;2011;420069,5
South Dakota;2012;423531,25
South Dakota;2013;426379,1667
South Dakota;2014;431391,4167
South Dakota;2015;435919,3333
South Dakota;2016;439318,4167
South Dakota;2017;441590,25
South Dakota;2018;445418
South Dakota;2019;450296
Tennessee;1980;1926208,917
Tennessee;1981;1920298,75
Tennessee;1982;1882689,75
Tennessee;1983;1927944,583
Tennessee;1984;2034664
Tennessee;1985;2077953,167
Tennessee;1986;2118617,083
Tennessee;1987;2181049,167
Tennessee;1988;2209249,083
Tennessee;1989;2247429,583
Tennessee;1990;2265884,5
Tennessee;1991;2251080,167
Tennessee;1992;2296888,833
Tennessee;1993;2381270,667
Tennessee;1994;2530610,75
Tennessee;1995;2591949,917
Tennessee;1996;2624131,333
Tennessee;1997;2639732
Tennessee;1998;2692221,167
Tennessee;1999;2739864,417
Tennessee;2000;2733395,833
Tennessee;2001;2730197,5
Tennessee;2002;2756377,833
Tennessee;2003;2747496,833
Tennessee;2004;2724090,167
Tennessee;2005;2743758,417
Tennessee;2006;2877516,417
Tennessee;2007;2921248,5
Tennessee;2008;2853252
Tennessee;2009;2734825,333
Tennessee;2010;2792043,083
Tennessee;2011;2844354,667
Tennessee;2012;2858866,833
Tennessee;2013;2830184,833
Tennessee;2014;2825264,583
Tennessee;2015;2890064,25
Tennessee;2016;2981288,833
Tennessee;2017;3070269,333
Tennessee;2018;3130371,833
Tennessee;2019;3176729,25
Texas;1980;6404447,667
Texas;1981;6687197,417
Texas;1982;6867612,333
Texas;1983;7036977,5
Texas;1984;7361177,833
Texas;1985;7463312,667
Texas;1986;7463779,333
Texas;1987;7577388,5
Texas;1988;7725966,75
Texas;1989;7881935,583
Texas;1990;8070877,667
Texas;1991;8161734,667
Texas;1992;8316403,333
Texas;1993;8530807,667
Texas;1994;8792606,917
Texas;1995;8998330,917
Texas;1996;9166699,833
Texas;1997;9396817,333
Texas;1998;9604752
Texas;1999;9769720,167
Texas;2000;9929634,917
Texas;2001;10009490,75
Texas;2002;10066629,33
Texas;2003;10183520,42
Texas;2004;10336560,5
Texas;2005;10523422,33
Texas;2006;10773134,25
Texas;2007;10944055,08
Texas;2008;11102579,17
Texas;2009;11013562,83
Texas;2010;11245519,92
Texas;2011;11533387,5
Texas;2012;11818597,92
Texas;2013;12057177,5
Texas;2014;12373921,83
Texas;2015;12516543,08
Texas;2016;12730803,83
Texas;2017;13003416,25
Texas;2018;13306938,33
Texas;2019;13468925,75
Utah;1980;590729,25
Utah;1981;604573,0833
Utah;1982;618232,8333
Utah;1983;627887,0833
Utah;1984;659157,1667
Utah;1985;686674,0833
Utah;1986;704517,3333
Utah;1987;708549,8333
Utah;1988;723609,9167
Utah;1989;753407,1667
Utah;1990;785986,9167
Utah;1991;812372,0833
Utah;1992;845747
Utah;1993;902793,3333
Utah;1994;953299,5833
Utah;1995;977331,9167
Utah;1996;1003995,833
Utah;1997;1036263,417
Utah;1998;1060682,833
Utah;1999;1081433,667
Utah;2000;1103826,917
Utah;2001;1112905,917
Utah;2002;1115826,833
Utah;2003;1132464
Utah;2004;1169779,667
Utah;2005;1220656,333
Utah;2006;1279261,417
Utah;2007;1323908,75
Utah;2008;1322007,5
Utah;2009;1266322,25
Utah;2010;1249928,417
Utah;2011;1259412,25
Utah;2012;1298884,833
Utah;2013;1341310,833
Utah;2014;1372832,167
Utah;2015;1407776
Utah;2016;1454502,5
Utah;2017;1497677,833
Utah;2018;1522504,167
Utah;2019;1536595
Vermont;1980;234804,75
Vermont;1981;242575,5
Vermont;1982;244880,1667
Vermont;1983;247309,75
Vermont;1984;254925,75
Vermont;1985;265613,6667
Vermont;1986;276605,4167
Vermont;1987;285150
Vermont;1988;292141,9167
Vermont;1989;295052,5
Vermont;1990;289472,8333
Vermont;1991;283649,3333
Vermont;1992;288816,3333
Vermont;1993;296471,6667
Vermont;1994;301212,4167
Vermont;1995;306190,1667
Vermont;1996;310017,25
Vermont;1997;315070,4167
Vermont;1998;322485,75
Vermont;1999;326960,9167
Vermont;2000;322161,5833
Vermont;2001;325874,75
Vermont;2002;329420,25
Vermont;2003;331082
Vermont;2004;334939,1667
Vermont;2005;338558,9167
Vermont;2006;343830,4167
Vermont;2007;339593
Vermont;2008;338248,5833
Vermont;2009;336174,5833
Vermont;2010;337537
Vermont;2011;338442,8333
Vermont;2012;337298,0833
Vermont;2013;335022,4167
Vermont;2014;333428
Vermont;2015;332359,6667
Vermont;2016;333639,25
Vermont;2017;335859,6667
Vermont;2018;336877,75
Vermont;2019;337716,75
Virginia;1980;2428168,833
Virginia;1981;2451072,333
Virginia;1982;2453964,167
Virginia;1983;2545898,833
Virginia;1984;2673584,583
Virginia;1985;2705878,417
Virginia;1986;2767098,25
Virginia;1987;2876370,583
Virginia;1988;2960840,667
Virginia;1989;3030099,917
Virginia;1990;3105539,833
Virginia;1991;3142903,833
Virginia;1992;3186542,417
Virginia;1993;3201996,5
Virginia;1994;3261916,5
Virginia;1995;3295080,417
Virginia;1996;3268759,167
Virginia;1997;3314688,083
Virginia;1998;3385105,167
Virginia;1999;3444152,583
Virginia;2000;3522576,5
Virginia;2001;3551322,917
Virginia;2002;3570144,917
Virginia;2003;3598180,75
Virginia;2004;3649279,417
Virginia;2005;3758136,333
Virginia;2006;3854742,5
Virginia;2007;3914886,25
Virginia;2008;3969120,833
Virginia;2009;3844129,083
Virginia;2010;3861104,333
Virginia;2011;3933681,333
Virginia;2012;3968352,917
Virginia;2013;3996586,583
Virginia;2014;4019572,5
Virginia;2015;4029005,167
Virginia;2016;4069177,833
Virginia;2017;4150275,75
Virginia;2018;4201481,667
Virginia;2019;4230789
Washington;1980;1823601,5
Washington;1981;1806794
Washington;1982;1781201,333
Washington;1983;1828335,583
Washington;1984;1873299,5
Washington;1985;1922534,667
Washington;1986;2010410
Washington;1987;2091913
Washington;1988;2180503,75
Washington;1989;2307684,583
Washington;1990;2392300,083
Washington;1991;2385123,083
Washington;1992;2441529,417
Washington;1993;2495367,083
Washington;1994;2560033,5
Washington;1995;2630537,25
Washington;1996;2710344
Washington;1997;2835237,25
Washington;1998;2905167,583
Washington;1999;2935061,417
Washington;2000;2901730,083
Washington;2001;2847661
Washington;2002;2855168
Washington;2003;2895330,917
Washington;2004;2996429,583
Washington;2005;3082806,083
Washington;2006;3156030,333
Washington;2007;3243709,083
Washington;2008;3290590,25
Washington;2009;3212465,833
Washington;2010;3160566,5
Washington;2011;3140992,75
Washington;2012;3189356
Washington;2013;3220511,5
Washington;2014;3277527,417
Washington;2015;3350858,833
Washington;2016;3451267,583
Washington;2017;3543908,417
Washington;2018;3620265,667
Washington;2019;3677587,75
West Virginia;1980;712018,6667
West Virginia;1981;703195,6667
West Virginia;1982;673268,8333
West Virginia;1983;629136
West Virginia;1984;651786,25
West Virginia;1985;657801,9167
West Virginia;1986;659499,5
West Virginia;1987;666399,1667
West Virginia;1988;674705,0833
West Virginia;1989;691758,25
West Virginia;1990;697503
West Virginia;1991;694058,6667
West Virginia;1992;690664,75
West Virginia;1993;696939,5833
West Virginia;1994;713340,25
West Virginia;1995;722972,5833
West Virginia;1996;735784,3333
West Virginia;1997;741956,8333
West Virginia;1998;742715,8333
West Virginia;1999;752518,5833
West Virginia;2000;764750,0833
West Virginia;2001;768514,5
West Virginia;2002;752643,1667
West Virginia;2003;738960,6667
West Virginia;2004;741812
West Virginia;2005;750669,0833
West Virginia;2006;766271,0833
West Virginia;2007;774123
West Virginia;2008;777390
West Virginia;2009;751370,8333
West Virginia;2010;740977,3333
West Virginia;2011;741914
West Virginia;2012;747507,25
West Virginia;2013;744606,75
West Virginia;2014;736419,5833
West Virginia;2015;729275,0833
West Virginia;2016;735179,0833
West Virginia;2017;739071,3333
West Virginia;2018;741977,4167
West Virginia;2019;748422,25
Wisconsin;1980;2186910,583
Wisconsin;1981;2188055,167
Wisconsin;1982;2166512
Wisconsin;1983;2167689,75
Wisconsin;1984;2215998,917
Wisconsin;1985;2208444,583
Wisconsin;1986;2249298,833
Wisconsin;1987;2340008,083
Wisconsin;1988;2442806
Wisconsin;1989;2483542,333
Wisconsin;1990;2475647,25
Wisconsin;1991;2477531,083
Wisconsin;1992;2549485,917
Wisconsin;1993;2623561,833
Wisconsin;1994;2701630,417
Wisconsin;1995;2773670,083
Wisconsin;1996;2826908,75
Wisconsin;1997;2864421,75
Wisconsin;1998;2871014
Wisconsin;1999;2855475,75
Wisconsin;2000;2868880,333
Wisconsin;2001;2874918,667
Wisconsin;2002;2861915,583
Wisconsin;2003;2879342,083
Wisconsin;2004;2881700,583
Wisconsin;2005;2878253,833
Wisconsin;2006;2913831,167
Wisconsin;2007;2936823,083
Wisconsin;2008;2939966,5
Wisconsin;2009;2834967,583
Wisconsin;2010;2814739,083
Wisconsin;2011;2840485,917
Wisconsin;2012;2857571
Wisconsin;2013;2873047,083
Wisconsin;2014;2914938,667
Wisconsin;2015;2952135,083
Wisconsin;2016;3000302
Wisconsin;2017;3037721,75
Wisconsin;2018;3039252,083
Wisconsin;2019;3036850,75
Wyoming;1980;226868,75
Wyoming;1981;239810,6667
Wyoming;1982;241459,75
Wyoming;1983;238452,8333
Wyoming;1984;238245,5
Wyoming;1985;234654,25
Wyoming;1986;228492,75
Wyoming;1987;221219,0833
Wyoming;1988;222595,3333
Wyoming;1989;223142,75
Wyoming;1990;223438,9167
Wyoming;1991;223346,8333
Wyoming;1992;225468,4167
Wyoming;1993;229915,4167
Wyoming;1994;238222,5
Wyoming;1995;243083,1667
Wyoming;1996;243199,5
Wyoming;1997;241717
Wyoming;1998;245496,75
Wyoming;1999;250631,5
Wyoming;2000;256421,9167
Wyoming;2001;259065,9167
Wyoming;2002;258682,8333
Wyoming;2003;261979,75
Wyoming;2004;264326,0833
Wyoming;2005;266651,8333
Wyoming;2006;272313,75
Wyoming;2007;278495
Wyoming;2008;284246,5833
Wyoming;2009;281175,4167
Wyoming;2010;283745,8333
Wyoming;2011;289029,3333
Wyoming;2012;290977,3333
Wyoming;2013;292122,6667
Wyoming;2014;293319,6667
Wyoming;2015;291293
Wyoming;2016;284703,1667
Wyoming;2017;280692,0833
Wyoming;2018;277823,75
Wyoming;2019;278672,25
