Series ID;Year;excl;Value
Alabama;1980;1521130,833;1521130.83333333
Alabama;1981;1500420,917;1500420.91666667
Alabama;1982;1474267;1474267
Alabama;1983;1514302,333;1514302.33333333
Alabama;1984;1591387,417;1591387.41666667
Alabama;1985;1637886,583;1637886.58333333
Alabama;1986;1680463,5;1680463.5
Alabama;1987;1718154,75;1718154.75
Alabama;1988;1742445,167;1742445.16666667
Alabama;1989;1762935,083;1762935.08333333
Alabama;1990;1777608,167;1777608.16666667
Alabama;1991;1779884,833;1779884.83333333
Alabama;1992;1816349,917;1816349.91666667
Alabama;1993;1856783,333;1856783.33333333
Alabama;1994;1900762,833;1900762.83333333
Alabama;1995;1944018,5;1944018.5
Alabama;1996;1977535,417;1977535.41666667
Alabama;1997;2027146,583;2027146.58333333
Alabama;1998;2042829,917;2042829.91666667
Alabama;1999;2038989,583;2038989.58333333
Alabama;2000;2035565,917;2035565.91666667
Alabama;2001;2006601,917;2006601.91666667
Alabama;2002;1982366,833;1982366.83333333
Alabama;2003;1992559,833;1992559.83333333
Alabama;2004;2014613;2014613
Alabama;2005;2049860,333;2049860.33333333
Alabama;2006;2080321,833;2080321.83333333
Alabama;2007;2089058,5;2089058.5
Alabama;2008;2053103,5;2053103.5
Alabama;2009;1925771,833;1925771.83333333
Alabama;2010;1964694,333;1964694.33333333
Alabama;2011;1990569,917;1990569.91666667
Alabama;2012;2004116,75;2004116.75
Alabama;2013;2017267,083;2017267.08333333
Alabama;2014;2014239,75;2014239.75
Alabama;2015;2027212,167;2027212.16666667
Alabama;2016;2049971,333;2049971.33333333
Alabama;2017;2081691,667;2081691.66666667
Alabama;2018;2111834,333;2111834.33333333
Alabama;2019;2130836,25;2130836.25
Alaska;1980;169401,5;169401.5
Alaska;1981;177704,0833;177704.083333333
Alaska;1982;191722,25;191722.25
Alaska;1983;208694,1667;208694.166666667
Alaska;1984;221308,8333;221308.833333333
Alaska;1985;227742,5833;227742.583333333
Alaska;1986;227199,5833;227199.583333333
Alaska;1987;223081,25;223081.25
Alaska;1988;226976,9167;226976.916666667
Alaska;1989;237792,25;237792.25
Alaska;1990;248939,3333;248939.333333333
Alaska;1991;253044,75;253044.75
Alaska;1992;261585,6667;261585.666666667
Alaska;1993;272681,5;272681.5
Alaska;1994;279464,3333;279464.333333333
Alaska;1995;281879,3333;281879.333333333
Alaska;1996;286280,5833;286280.583333333
Alaska;1997;290890,8333;290890.833333333
Alaska;1998;295780,1667;295780.166666667
Alaska;1999;297364,3333;297364.333333333
Alaska;2000;299145,0833;299145.083333333
Alaska;2001;300772,1667;300772.166666667
Alaska;2002;302565,8333;302565.833333333
Alaska;2003;305724,4167;305724.416666667
Alaska;2004;311637,1667;311637.166666667
Alaska;2005;320810,75;320810.75
Alaska;2006;326532,1667;326532.166666667
Alaska;2007;328597,5;328597.5
Alaska;2008;332262,5;332262.5
Alaska;2009;331793,5;331793.5
Alaska;2010;333426,3333;333426.333333333
Alaska;2011;338139,8333;338139.833333333
Alaska;2012;339463,6667;339463.666666667
Alaska;2013;339868,3333;339868.333333333
Alaska;2014;340340,5;340340.5
Alaska;2015;339731;339731
Alaska;2016;337370,3333;337370.333333333
Alaska;2017;335702,9167;335702.916666667
Alaska;2018;333360,6667;333360.666666667
Alaska;2019;331925,75;331925.75
Arizona;1980;1146053,083;1146053.08333333
Arizona;1981;1192453,917;1192453.91666667
Arizona;1982;1206012,75;1206012.75
Arizona;1983;1263921;1263921
Arizona;1984;1357852,833;1357852.83333333
Arizona;1985;1392905,75;1392905.75
Arizona;1986;1454815,833;1454815.83333333
Arizona;1987;1513836,083;1513836.08333333
Arizona;1988;1560476,917;1560476.91666667
Arizona;1989;1627639,167;1627639.16666667
Arizona;1990;1691082,25;1691082.25
Arizona;1991;1697794,333;1697794.33333333
Arizona;1992;1732184;1732184
Arizona;1993;1824338,083;1824338.08333333
Arizona;1994;1974697,5;1974697.5
Arizona;1995;2109988,417;2109988.41666667
Arizona;1996;2157864,75;2157864.75
Arizona;1997;2203219,667;2203219.66666667
Arizona;1998;2284982,25;2284982.25
Arizona;1999;2363424,917;2363424.91666667
Arizona;2000;2410468,167;2410468.16666667
Arizona;2001;2461040,5;2461040.5
Arizona;2002;2516348,417;2516348.41666667
Arizona;2003;2578486,167;2578486.16666667
Arizona;2004;2654811,583;2654811.58333333
Arizona;2005;2748768,083;2748768.08333333
Arizona;2006;2863728,917;2863728.91666667
Arizona;2007;2918079,417;2918079.41666667
Arizona;2008;2913363,167;2913363.16666667
Arizona;2009;2818965,75;2818965.75
Arizona;2010;2769378,75;2769378.75
Arizona;2011;2748418,917;2748418.91666667
Arizona;2012;2776596;2776596
Arizona;2013;2795675,583;2795675.58333333
Arizona;2014;2889101,5;2889101.5
Arizona;2015;2975304,083;2975304.08333333
Arizona;2016;3065817,75;3065817.75
Arizona;2017;3165128,333;3165128.33333333
Arizona;2018;3271004,833;3271004.83333333
Arizona;2019;3331808,75;3331808.75
Arkansas;1980;922897,5833;922897.583333333
Arkansas;1981;933380,5;933380.5
Arkansas;1982;922668,9167;922668.916666667
Arkansas;1983;930083,75;930083.75
Arkansas;1984;951892,5833;951892.583333333
Arkansas;1985;957078,25;957078.25
Arkansas;1986;975962,4167;975962.416666667
Arkansas;1987;1003728,75;1003728.75
Arkansas;1988;1027745,083;1027745.08333333
Arkansas;1989;1049841,25;1049841.25
Arkansas;1990;1053457,25;1053457.25
Arkansas;1991;1046000,917;1046000.91666667
Arkansas;1992;1072336,083;1072336.08333333
Arkansas;1993;1105476,833;1105476.83333333
Arkansas;1994;1153275,667;1153275.66666667
Arkansas;1995;1178637,75;1178637.75
Arkansas;1996;1183083,917;1183083.91666667
Arkansas;1997;1177654,083;1177654.08333333
Arkansas;1998;1177414,583;1177414.58333333
Arkansas;1999;1197341,667;1197341.66666667
Arkansas;2000;1204849,667;1204849.66666667
Arkansas;2001;1191139,75;1191139.75
Arkansas;2002;1201542;1201542
Arkansas;2003;1196247,917;1196247.91666667
Arkansas;2004;1226051,917;1226051.91666667
Arkansas;2005;1275668,583;1275668.58333333
Arkansas;2006;1294718,917;1294718.91666667
Arkansas;2007;1296673,583;1296673.58333333
Arkansas;2008;1299738,75;1299738.75
Arkansas;2009;1252429,083;1252429.08333333
Arkansas;2010;1242720,083;1242720.08333333
Arkansas;2011;1249600,5;1249600.5
Arkansas;2012;1241852,583;1241852.58333333
Arkansas;2013;1226586,5;1226586.5
Arkansas;2014;1237164,333;1237164.33333333
Arkansas;2015;1264629,75;1264629.75
Arkansas;2016;1286962,333;1286962.33333333
Arkansas;2017;1297649,667;1297649.66666667
Arkansas;2018;1301255,417;1301255.41666667
Arkansas;2019;1307764;1307764
California;1980;10787592,92;10787592.9166667
California;1981;10953684,92;10953684.9166667
California;1982;10942757,75;10942757.75
California;1983;11089258,5;11089258.5
California;1984;11657813;11657813
California;1985;12052635,75;12052635.75
California;1986;12438515,67;12438515.6666667
California;1987;12946787;12946787
California;1988;13394240,83;13394240.8333333
California;1989;13807529,92;13807529.9166667
California;1990;14259566,83;14259566.8333333
California;1991;13961628,92;13961628.9166667
California;1992;13880406,58;13880406.5833333
California;1993;13817922,08;13817922.0833333
California;1994;13943182,58;13943182.5833333
California;1995;14048955;14048955
California;1996;14301797,75;14301797.75
California;1997;14787116,75;14787116.75
California;1998;15187396,58;15187396.5833333
California;1999;15558995,58;15558995.5833333
California;2000;16033776,5;16033776.5
California;2001;16195029,42;16195029.4166667
California;2002;16110406,75;16110406.75
California;2003;16100682,25;16100682.25
California;2004;16300526,83;16300526.8333333
California;2005;16583799,67;16583799.6666667
California;2006;16787237,58;16787237.5833333
California;2007;16934085,25;16934085.25
California;2008;16851937,25;16851937.25
California;2009;16188110,58;16188110.5833333
California;2010;16092953,42;16092953.4166667
California;2011;16255889,58;16255889.5833333
California;2012;16605373,17;16605373.1666667
California;2013;16962360,17;16962360.1666667
California;2014;17310885,42;17310885.4166667
California;2015;17684499,58;17684499.5833333
California;2016;18002852,75;18002852.75
California;2017;18285073,5;18285073.5
California;2018;18573601,92;18573601.9166667
California;2019;18733278,25;18733278.25
Colorado;1980;1405221,667;1405221.66666667
Colorado;1981;1450992,667;1450992.66666667
Colorado;1982;1478985,917;1478985.91666667
Colorado;1983;1548297,5;1548297.5
Colorado;1984;1622547,917;1622547.91666667
Colorado;1985;1610380,083;1610380.08333333
Colorado;1986;1577705,083;1577705.08333333
Colorado;1987;1572884;1572884
Colorado;1988;1586630,417;1586630.41666667
Colorado;1989;1606493,833;1606493.83333333
Colorado;1990;1671092,25;1671092.25
Colorado;1991;1700644,167;1700644.16666667
Colorado;1992;1734689,583;1734689.58333333
Colorado;1993;1828704;1828704
Colorado;1994;1953096,917;1953096.91666667
Colorado;1995;2039899,25;2039899.25
Colorado;1996;2064067,583;2064067.58333333
Colorado;1997;2141109,5;2141109.5
Colorado;1998;2228266,083;2228266.08333333
Colorado;1999;2272274,167;2272274.16666667
Colorado;2000;2294267,917;2294267.91666667
Colorado;2001;2299585,917;2299585.91666667
Colorado;2002;2308117,333;2308117.33333333
Colorado;2003;2337934,5;2337934.5
Colorado;2004;2393243,75;2393243.75
Colorado;2005;2435108,417;2435108.41666667
Colorado;2006;2509262,333;2509262.33333333
Colorado;2007;2565886;2565886
Colorado;2008;2584919,417;2584919.41666667
Colorado;2009;2525081,167;2525081.16666667
Colorado;2010;2486413,333;2486413.33333333
Colorado;2011;2506846,583;2506846.58333333
Colorado;2012;2540218,5;2540218.5
Colorado;2013;2578470,25;2578470.25
Colorado;2014;2662291,167;2662291.16666667
Colorado;2015;2720187,417;2720187.41666667
Colorado;2016;2803309,333;2803309.33333333
Colorado;2017;2911110,167;2911110.16666667
Colorado;2018;2993491,667;2993491.66666667
Colorado;2019;3026162;3026162
Connecticut;1980;1495941,083;1495941.08333333
Connecticut;1981;1497858,583;1497858.58333333
Connecticut;1982;1498342,583;1498342.58333333
Connecticut;1983;1522332,75;1522332.75
Connecticut;1984;1585633,833;1585633.83333333
Connecticut;1985;1629245;1629245
Connecticut;1986;1670324,083;1670324.08333333
Connecticut;1987;1691774,75;1691774.75
Connecticut;1988;1695076,167;1695076.16666667
Connecticut;1989;1705754,25;1705754.25
Connecticut;1990;1726316,083;1726316.08333333
Connecticut;1991;1720643,333;1720643.33333333
Connecticut;1992;1689888,833;1689888.83333333
Connecticut;1993;1676273,417;1676273.41666667
Connecticut;1994;1657926,833;1657926.83333333
Connecticut;1995;1638959,667;1638959.66666667
Connecticut;1996;1645929,083;1645929.08333333
Connecticut;1997;1665128,667;1665128.66666667
Connecticut;1998;1682599,167;1682599.16666667
Connecticut;1999;1704262,083;1704262.08333333
Connecticut;2000;1721771,333;1721771.33333333
Connecticut;2001;1704764,917;1704764.91666667
Connecticut;2002;1697430,75;1697430.75
Connecticut;2003;1687731,667;1687731.66666667
Connecticut;2004;1686117;1686117
Connecticut;2005;1709618,917;1709618.91666667
Connecticut;2006;1748878,667;1748878.66666667
Connecticut;2007;1773333,167;1773333.16666667
Connecticut;2008;1774496,333;1774496.33333333
Connecticut;2009;1741033,083;1741033.08333333
Connecticut;2010;1737845,083;1737845.08333333
Connecticut;2011;1746029,5;1746029.5
Connecticut;2012;1729707,833;1729707.83333333
Connecticut;2013;1718712,583;1718712.58333333
Connecticut;2014;1762664,167;1762664.16666667
Connecticut;2015;1780979,583;1780979.58333333
Connecticut;2016;1794058,417;1794058.41666667
Connecticut;2017;1807413,917;1807413.91666667
Connecticut;2018;1825801,417;1825801.41666667
Connecticut;2019;1847325,75;1847325.75
Delaware;1980;262404,75;262404.75
Delaware;1981;265389,9167;265389.916666667
Delaware;1982;269676,4167;269676.416666667
Delaware;1983;273337,9167;273337.916666667
Delaware;1984;287799,6667;287799.666666667
Delaware;1985;300379,9167;300379.916666667
Delaware;1986;310838,4167;310838.416666667
Delaware;1987;322678,5833;322678.583333333
Delaware;1988;337528,25;337528.25
Delaware;1989;347073,8333;347073.833333333
Delaware;1990;343253,9167;343253.916666667
Delaware;1991;339273,25;339273.25
Delaware;1992;347270,9167;347270.916666667
Delaware;1993;357811,5;357811.5
Delaware;1994;366354,5833;366354.583333333
Delaware;1995;369181,0833;369181.083333333
Delaware;1996;368282,75;368282.75
Delaware;1997;372170,25;372170.25
Delaware;1998;380252,9167;380252.916666667
Delaware;1999;385189,5;385189.5
Delaware;2000;398038,4167;398038.416666667
Delaware;2001;406967,75;406967.75
Delaware;2002;400015,1667;400015.166666667
Delaware;2003;397508,5833;397508.583333333
Delaware;2004;403568,1667;403568.166666667
Delaware;2005;414477,4167;414477.416666667
Delaware;2006;425384,6667;425384.666666667
Delaware;2007;428362,3333;428362.333333333
Delaware;2008;424881,1667;424881.166666667
Delaware;2009;401364,5833;401364.583333333
Delaware;2010;397911,3333;397911.333333333
Delaware;2011;410017,0833;410017.083333333
Delaware;2012;413444,9167;413444.916666667
Delaware;2013;413147,25;413147.25
Delaware;2014;426346,6667;426346.666666667
Delaware;2015;443151,1667;443151.166666667
Delaware;2016;450982,0833;450982.083333333
Delaware;2017;455507,5833;455507.583333333
Delaware;2018;464214,9167;464214.916666667
Delaware;2019;469416;469416
Florida;1980;4013808,833;4013808.83333333
Florida;1981;4224823,5;4224823.5
Florida;1982;4330071,75;4330071.75
Florida;1983;4507854,75;4507854.75
Florida;1984;4833969,75;4833969.75
Florida;1985;5024044,583;5024044.58333333
Florida;1986;5267115,167;5267115.16666667
Florida;1987;5550316,5;5550316.5
Florida;1988;5744345,833;5744345.83333333
Florida;1989;5892006,667;5892006.66666667
Florida;1990;6065999,167;6065999.16666667
Florida;1991;6041483,667;6041483.66666667
Florida;1992;6107818,833;6107818.83333333
Florida;1993;6276078,917;6276078.91666667
Florida;1994;6498635,167;6498635.16666667
Florida;1995;6657385,5;6657385.5
Florida;1996;6800039,5;6800039.5
Florida;1997;7017406,75;7017406.75
Florida;1998;7198466,5;7198466.5
Florida;1999;7362161,667;7362161.66666667
Florida;2000;7566144,667;7566144.66666667
Florida;2001;7667841,25;7667841.25
Florida;2002;7657740,917;7657740.91666667
Florida;2003;7781632,917;7781632.91666667
Florida;2004;8047203,083;8047203.08333333
Florida;2005;8400038,667;8400038.66666667
Florida;2006;8707758,5;8707758.5
Florida;2007;8791706;8791706
Florida;2008;8634774,583;8634774.58333333
Florida;2009;8152682,333;8152682.33333333
Florida;2010;8194161,333;8194161.33333333
Florida;2011;8369824,75;8369824.75
Florida;2012;8589782,25;8589782.25
Florida;2013;8773622,583;8773622.58333333
Florida;2014;8965849,417;8965849.41666667
Florida;2015;9087193;9087193
Florida;2016;9354964,667;9354964.66666667
Florida;2017;9669242,25;9669242.25
Florida;2018;9864090,25;9864090.25
Florida;2019;9979431;9979431
Georgia;1980;2373297;2373297
Georgia;1981;2434175,083;2434175.08333333
Georgia;1982;2448188,583;2448188.58333333
Georgia;1983;2483630,167;2483630.16666667
Georgia;1984;2601300,75;2601300.75
Georgia;1985;2693017,083;2693017.08333333
Georgia;1986;2804811,167;2804811.16666667
Georgia;1987;2889824,25;2889824.25
Georgia;1988;2965299,083;2965299.08333333
Georgia;1989;3032001,5;3032001.5
Georgia;1990;3103428,667;3103428.66666667
Georgia;1991;3108554,083;3108554.08333333
Georgia;1992;3164035,75;3164035.75
Georgia;1993;3271558,833;3271558.83333333
Georgia;1994;3405558,583;3405558.58333333
Georgia;1995;3505147,25;3505147.25
Georgia;1996;3633003,75;3633003.75
Georgia;1997;3779738,25;3779738.25
Georgia;1998;3899434;3899434
Georgia;1999;3991507,333;3991507.33333333
Georgia;2000;4072198,333;4072198.33333333
Georgia;2001;4088466,833;4088466.83333333
Georgia;2002;4111660,083;4111660.08333333
Georgia;2003;4181876,167;4181876.16666667
Georgia;2004;4238316,583;4238316.58333333
Georgia;2005;4341670,083;4341670.08333333
Georgia;2006;4488545,833;4488545.83333333
Georgia;2007;4598309,25;4598309.25
Georgia;2008;4574400,083;4574400.08333333
Georgia;2009;4313154,667;4313154.66666667
Georgia;2010;4202021,417;4202021.41666667
Georgia;2011;4263083,917;4263083.91666667
Georgia;2012;4348448,333;4348448.33333333
Georgia;2013;4367996,083;4367996.08333333
Georgia;2014;4403480,833;4403480.83333333
Georgia;2015;4491544,083;4491544.08333333
Georgia;2016;4657862;4657862
Georgia;2017;4822362,083;4822362.08333333
Georgia;2018;4904898,167;4904898.16666667
Georgia;2019;4920975,75;4920975.75
Hawaii;1980;416623,0833;416623.083333333
Hawaii;1981;425757,5833;425757.583333333
Hawaii;1982;429875,4167;429875.416666667
Hawaii;1983;442461;442461
Hawaii;1984;446246,8333;446246.833333333
Hawaii;1985;453369,25;453369.25
Hawaii;1986;467950,5;467950.5
Hawaii;1987;491098,0833;491098.083333333
Hawaii;1988;501466;501466
Hawaii;1989;514084;514084
Hawaii;1990;536290,0833;536290.083333333
Hawaii;1991;555206,1667;555206.166666667
Hawaii;1992;558886,9167;558886.916666667
Hawaii;1993;560171,4167;560171.416666667
Hawaii;1994;552917,1667;552917.166666667
Hawaii;1995;552074,75;552074.75
Hawaii;1996;558169,8333;558169.833333333
Hawaii;1997;563541,9167;563541.916666667
Hawaii;1998;564911,1667;564911.166666667
Hawaii;1999;570422,0833;570422.083333333
Hawaii;2000;580244;580244
Hawaii;2001;583266,4167;583266.416666667
Hawaii;2002;575590,4167;575590.416666667
Hawaii;2003;578248,5833;578248.583333333
Hawaii;2004;590112,1667;590112.166666667
Hawaii;2005;608970,9167;608970.916666667
Hawaii;2006;621560,9167;621560.916666667
Hawaii;2007;620678,4167;620678.416666667
Hawaii;2008;612007,3333;612007.333333333
Hawaii;2009;586654,0833;586654.083333333
Hawaii;2010;602269,6667;602269.666666667
Hawaii;2011;615189,8333;615189.833333333
Hawaii;2012;608345,75;608345.75
Hawaii;2013;619699,6667;619699.666666667
Hawaii;2014;636526;636526
Hawaii;2015;649942,8333;649942.833333333
Hawaii;2016;662870,0833;662870.083333333
Hawaii;2017;667025,8333;667025.833333333
Hawaii;2018;662189,0833;662189.083333333
Hawaii;2019;655136;655136
Idaho;1980;396606,0833;396606.083333333
Idaho;1981;396901,75;396901.75
Idaho;1982;398793,25;398793.25
Idaho;1983;413393,3333;413393.333333333
Idaho;1984;428854,25;428854.25
Idaho;1985;429915,5;429915.5
Idaho;1986;431766,3333;431766.333333333
Idaho;1987;435111,5;435111.5
Idaho;1988;450306,5;450306.5
Idaho;1989;463624,4167;463624.416666667
Idaho;1990;465196,0833;465196.083333333
Idaho;1991;476574;476574
Idaho;1992;497279,3333;497279.333333333
Idaho;1993;521065,4167;521065.416666667
Idaho;1994;555329,6667;555329.666666667
Idaho;1995;568203,25;568203.25
Idaho;1996;584103,3333;584103.333333333
Idaho;1997;601184,8333;601184.833333333
Idaho;1998;616050,8333;616050.833333333
Idaho;1999;619466,5833;619466.583333333
Idaho;2000;628902,1667;628902.166666667
Idaho;2001;643233,5;643233.5
Idaho;2002;646757,5;646757.5
Idaho;2003;651286,4167;651286.416666667
Idaho;2004;668594,5;668594.5
Idaho;2005;702195,5833;702195.583333333
Idaho;2006;721258,9167;721258.916666667
Idaho;2007;731140,0833;731140.083333333
Idaho;2008;716678,25;716678.25
Idaho;2009;690750,6667;690750.666666667
Idaho;2010;692918,0833;692918.083333333
Idaho;2011;701398,8333;701398.833333333
Idaho;2012;713790,5833;713790.583333333
Idaho;2013;723804,6667;723804.666666667
Idaho;2014;742368,5833;742368.583333333
Idaho;2015;762329,3333;762329.333333333
Idaho;2016;784174,75;784174.75
Idaho;2017;807825,6667;807825.666666667
Idaho;2018;832500,8333;832500.833333333
Idaho;2019;842590,25;842590.25
Illinois;1980;5101237,583;5101237.58333333
Illinois;1981;5114133;5114133
Illinois;1982;4976305,833;4976305.83333333
Illinois;1983;4942520,5;4942520.5
Illinois;1984;5105137,583;5105137.58333333
Illinois;1985;5158607,333;5158607.33333333
Illinois;1986;5223263,083;5223263.08333333
Illinois;1987;5329011,167;5329011.16666667
Illinois;1988;5460006,583;5460006.58333333
Illinois;1989;5634211;5634211
Illinois;1990;5579613,917;5579613.91666667
Illinois;1991;5514914,667;5514914.66666667
Illinois;1992;5550505;5550505
Illinois;1993;5621595,917;5621595.91666667
Illinois;1994;5756498,333;5756498.33333333
Illinois;1995;5855554,583;5855554.58333333
Illinois;1996;5917887;5917887
Illinois;1997;6000257,25;6000257.25
Illinois;1998;6068620,25;6068620.25
Illinois;1999;6187086;6187086
Illinois;2000;6211998,417;6211998.41666667
Illinois;2001;6112230,75;6112230.75
Illinois;2002;5934621,917;5934621.91666667
Illinois;2003;5873486,75;5873486.75
Illinois;2004;5931725,583;5931725.58333333
Illinois;2005;6034372,583;6034372.58333333
Illinois;2006;6228763,25;6228763.25
Illinois;2007;6335781,833;6335781.83333333
Illinois;2008;6238180,5;6238180.5
Illinois;2009;5945401,5;5945401.5
Illinois;2010;5936273,417;5936273.41666667
Illinois;2011;5948171,25;5948171.25
Illinois;2012;5990449,667;5990449.66666667
Illinois;2013;5959883,25;5959883.25
Illinois;2014;6051528,417;6051528.41666667
Illinois;2015;6124517,333;6124517.33333333
Illinois;2016;6169544,333;6169544.33333333
Illinois;2017;6170586;6170586
Illinois;2018;6190699,083;6190699.08333333
Illinois;2019;6196633,5;6196633.5
Indiana;1980;2372764,833;2372764.83333333
Indiana;1981;2359231,75;2359231.75
Indiana;1982;2287917,083;2287917.08333333
Indiana;1983;2294414,667;2294414.66666667
Indiana;1984;2407102;2407102
Indiana;1985;2499642,083;2499642.08333333
Indiana;1986;2559696,333;2559696.33333333
Indiana;1987;2586544,333;2586544.33333333
Indiana;1988;2658793,833;2658793.83333333
Indiana;1989;2718396,417;2718396.41666667
Indiana;1990;2664289,583;2664289.58333333
Indiana;1991;2626878,333;2626878.33333333
Indiana;1992;2669586,667;2669586.66666667
Indiana;1993;2789458,667;2789458.66666667
Indiana;1994;2915061,5;2915061.5
Indiana;1995;2990883,25;2990883.25
Indiana;1996;2983943;2983943
Indiana;1997;3011991,667;3011991.66666667
Indiana;1998;3026613,083;3026613.08333333
Indiana;1999;3030737,167;3030737.16666667
Indiana;2000;3029470,083;3029470.08333333
Indiana;2001;3006658,083;3006658.08333333
Indiana;2002;3007360,5;3007360.5
Indiana;2003;3013759,917;3013759.91666667
Indiana;2004;2997678,917;2997678.91666667
Indiana;2005;3030278,75;3030278.75
Indiana;2006;3071095,25;3071095.25
Indiana;2007;3061557,833;3061557.83333333
Indiana;2008;3041168,917;3041168.91666667
Indiana;2009;2866182,75;2866182.75
Indiana;2010;2846233,417;2846233.41666667
Indiana;2011;2891692,25;2891692.25
Indiana;2012;2905853,333;2905853.33333333
Indiana;2013;2944736,667;2944736.66666667
Indiana;2014;3033023,833;3033023.83333333
Indiana;2015;3109480,917;3109480.91666667
Indiana;2016;3182331,417;3182331.41666667
Indiana;2017;3218100;3218100
Indiana;2018;3265055,833;3265055.83333333
Indiana;2019;3287759,75;3287759.75
Iowa;1980;1348604,167;1348604.16666667
Iowa;1981;1332747,583;1332747.58333333
Iowa;1982;1303068,583;1303068.58333333
Iowa;1983;1307143,083;1307143.08333333
Iowa;1984;1317517,083;1317517.08333333
Iowa;1985;1307593,333;1307593.33333333
Iowa;1986;1337016,167;1337016.16666667
Iowa;1987;1373435,583;1373435.58333333
Iowa;1988;1424349,667;1424349.66666667
Iowa;1989;1445469,667;1445469.66666667
Iowa;1990;1387444,25;1387444.25
Iowa;1991;1406136;1406136
Iowa;1992;1444237,75;1444237.75
Iowa;1993;1496809,083;1496809.08333333
Iowa;1994;1523835,75;1523835.75
Iowa;1995;1532536,75;1532536.75
Iowa;1996;1551997,833;1551997.83333333
Iowa;1997;1553241,417;1553241.41666667
Iowa;1998;1552201;1552201
Iowa;1999;1555160,583;1555160.58333333
Iowa;2000;1548543,75;1548543.75
Iowa;2001;1559068,917;1559068.91666667
Iowa;2002;1572457,5;1572457.5
Iowa;2003;1534415,333;1534415.33333333
Iowa;2004;1529676,333;1529676.33333333
Iowa;2005;1560163,25;1560163.25
Iowa;2006;1596252,333;1596252.33333333
Iowa;2007;1599606,167;1599606.16666667
Iowa;2008;1608619,333;1608619.33333333
Iowa;2009;1579621,167;1579621.16666667
Iowa;2010;1577500,583;1577500.58333333
Iowa;2011;1570382,167;1570382.16666667
Iowa;2012;1569676,917;1569676.91666667
Iowa;2013;1595085,167;1595085.16666667
Iowa;2014;1629384,667;1629384.66666667
Iowa;2015;1637312,5;1637312.5
Iowa;2016;1633300;1633300
Iowa;2017;1626609,25;1626609.25
Iowa;2018;1643630,833;1643630.83333333
Iowa;2019;1662607;1662607
Kansas;1980;1134805,833;1134805.83333333
Kansas;1981;1135857,917;1135857.91666667
Kansas;1982;1118637,083;1118637.08333333
Kansas;1983;1119260,5;1119260.5
Kansas;1984;1144628,417;1144628.41666667
Kansas;1985;1165410,167;1165410.16666667
Kansas;1986;1175418,75;1175418.75
Kansas;1987;1202048,417;1202048.41666667
Kansas;1988;1218589,75;1218589.75
Kansas;1989;1230782,417;1230782.41666667
Kansas;1990;1217609,75;1217609.75
Kansas;1991;1223679,5;1223679.5
Kansas;1992;1249937,083;1249937.08333333
Kansas;1993;1267118,417;1267118.41666667
Kansas;1994;1282751;1282751
Kansas;1995;1290073;1290073
Kansas;1996;1300346,333;1300346.33333333
Kansas;1997;1330008,5;1330008.5
Kansas;1998;1366499,667;1366499.66666667
Kansas;1999;1379007,667;1379007.66666667
Kansas;2000;1356208,667;1356208.66666667
Kansas;2001;1331943,083;1331943.08333333
Kansas;2002;1341790,417;1341790.41666667
Kansas;2003;1357742,833;1357742.83333333
Kansas;2004;1383679;1383679
Kansas;2005;1392009,083;1392009.08333333
Kansas;2006;1402699,417;1402699.41666667
Kansas;2007;1420488,75;1420488.75
Kansas;2008;1430533,083;1430533.08333333
Kansas;2009;1413930,167;1413930.16666667
Kansas;2010;1395098,917;1395098.91666667
Kansas;2011;1394116,083;1394116.08333333
Kansas;2012;1400017,417;1400017.41666667
Kansas;2013;1407444,583;1407444.58333333
Kansas;2014;1424423,917;1424423.91666667
Kansas;2015;1428698,083;1428698.08333333
Kansas;2016;1425437,083;1425437.08333333
Kansas;2017;1424746,25;1424746.25
Kansas;2018;1432155;1432155
Kansas;2019;1435111,5;1435111.5
Kentucky;1980;1527145,833;1527145.83333333
Kentucky;1981;1522046,917;1522046.91666667
Kentucky;1982;1501481,083;1501481.08333333
Kentucky;1983;1507804,5;1507804.5
Kentucky;1984;1546283,333;1546283.33333333
Kentucky;1985;1537985,167;1537985.16666667
Kentucky;1986;1534572,75;1534572.75
Kentucky;1987;1548963,25;1548963.25
Kentucky;1988;1582281,083;1582281.08333333
Kentucky;1989;1626108;1626108
Kentucky;1990;1649072,167;1649072.16666667
Kentucky;1991;1634609;1634609
Kentucky;1992;1656534,417;1656534.41666667
Kentucky;1993;1691004;1691004
Kentucky;1994;1727809,167;1727809.16666667
Kentucky;1995;1755043,833;1755043.83333333
Kentucky;1996;1771719,417;1771719.41666667
Kentucky;1997;1814724,083;1814724.08333333
Kentucky;1998;1844299,917;1844299.91666667
Kentucky;1999;1871166;1871166
Kentucky;2000;1883786;1883786
Kentucky;2001;1857155,75;1857155.75
Kentucky;2002;1833569,583;1833569.58333333
Kentucky;2003;1839575,917;1839575.91666667
Kentucky;2004;1857587,333;1857587.33333333
Kentucky;2005;1882217,583;1882217.58333333
Kentucky;2006;1913007,25;1913007.25
Kentucky;2007;1922622,083;1922622.08333333
Kentucky;2008;1900368,833;1900368.83333333
Kentucky;2009;1847673,917;1847673.91666667
Kentucky;2010;1845235,75;1845235.75
Kentucky;2011;1863054,5;1863054.5
Kentucky;2012;1891460,667;1891460.66666667
Kentucky;2013;1891384,5;1891384.5
Kentucky;2014;1876914,75;1876914.75
Kentucky;2015;1875071,833;1875071.83333333
Kentucky;2016;1910913,25;1910913.25
Kentucky;2017;1952960,833;1952960.83333333
Kentucky;2018;1972235,917;1972235.91666667
Kentucky;2019;1980113;1980113
Louisiana;1980;1664485,25;1664485.25
Louisiana;1981;1699097,833;1699097.83333333
Louisiana;1982;1675702,333;1675702.33333333
Louisiana;1983;1688367;1688367
Louisiana;1984;1755171,167;1755171.16666667
Louisiana;1985;1756582,5;1756582.5
Louisiana;1986;1726585,333;1726585.33333333
Louisiana;1987;1712118,083;1712118.08333333
Louisiana;1988;1712837,167;1712837.16666667
Louisiana;1989;1731696;1731696
Louisiana;1990;1753368,333;1753368.33333333
Louisiana;1991;1768876,5;1768876.5
Louisiana;1992;1767191,917;1767191.91666667
Louisiana;1993;1753426,75;1753426.75
Louisiana;1994;1790426,75;1790426.75
Louisiana;1995;1822219,417;1822219.41666667
Louisiana;1996;1857789,583;1857789.58333333
Louisiana;1997;1900144,167;1900144.16666667
Louisiana;1998;1932957,417;1932957.41666667
Louisiana;1999;1935864,083;1935864.08333333
Louisiana;2000;1929285,917;1929285.91666667
Louisiana;2001;1911316,583;1911316.58333333
Louisiana;2002;1882018,583;1882018.58333333
Louisiana;2003;1888290,083;1888290.08333333
Louisiana;2004;1916088,583;1916088.58333333
Louisiana;2005;1922215,167;1922215.16666667
Louisiana;2006;1898906,75;1898906.75
Louisiana;2007;1943860,083;1943860.08333333
Louisiana;2008;1981887,583;1981887.58333333
Louisiana;2009;1924586,167;1924586.16666667
Louisiana;2010;1920103,583;1920103.58333333
Louisiana;2011;1910778,333;1910778.33333333
Louisiana;2012;1933130;1933130
Louisiana;2013;1961285,833;1961285.83333333
Louisiana;2014;2014224,833;2014224.83333333
Louisiana;2015;2022644,5;2022644.5
Louisiana;2016;1992949;1992949
Louisiana;2017;1995783,5;1995783.5
Louisiana;2018;2000828,833;2000828.83333333
Louisiana;2019;2001762,75;2001762.75
Maine;1980;467433,6667;467433.666666667
Maine;1981;472495,3333;472495.333333333
Maine;1982;475301,9167;475301.916666667
Maine;1983;491341,6667;491341.666666667
Maine;1984;513547,6667;513547.666666667
Maine;1985;521497,75;521497.75
Maine;1986;532961,6667;532961.666666667
Maine;1987;559213,9167;559213.916666667
Maine;1988;576817,1667;576817.166666667
Maine;1989;589934;589934
Maine;1990;599502,75;599502.75
Maine;1991;596419,1667;596419.166666667
Maine;1992;597227,5;597227.5
Maine;1993;583369,8333;583369.833333333
Maine;1994;578206,25;578206.25
Maine;1995;599674,75;599674.75
Maine;1996;622468,8333;622468.833333333
Maine;1997;623548,75;623548.75
Maine;1998;623879,0833;623879.083333333
Maine;1999;642213,9167;642213.916666667
Maine;2000;655327,75;655327.75
Maine;2001;648463,1667;648463.166666667
Maine;2002;645996,1667;645996.166666667
Maine;2003;649538,25;649538.25
Maine;2004;654130;654130
Maine;2005;663192,75;663192.75
Maine;2006;669577,0833;669577.083333333
Maine;2007;667798,5833;667798.583333333
Maine;2008;663051,9167;663051.916666667
Maine;2009;640033,5;640033.5
Maine;2010;638614,4167;638614.416666667
Maine;2011;644116,0833;644116.083333333
Maine;2012;650149,8333;650149.833333333
Maine;2013;658619,0833;658619.083333333
Maine;2014;657245,8333;657245.833333333
Maine;2015;653367,1667;653367.166666667
Maine;2016;665109,75;665109.75
Maine;2017;674761,5833;674761.583333333
Maine;2018;675259,8333;675259.833333333
Maine;2019;673879,5;673879.5
Maryland;1980;2006966;2006966
Maryland;1981;2013437,5;2013437.5
Maryland;1982;1994806,833;1994806.83333333
Maryland;1983;2042439,417;2042439.41666667
Maryland;1984;2120134,333;2120134.33333333
Maryland;1985;2175048,333;2175048.33333333
Maryland;1986;2240117,083;2240117.08333333
Maryland;1987;2303450,667;2303450.66666667
Maryland;1988;2364346,083;2364346.08333333
Maryland;1989;2427900,583;2427900.58333333
Maryland;1990;2473681,667;2473681.66666667
Maryland;1991;2457263,583;2457263.58333333
Maryland;1992;2471198,583;2471198.58333333
Maryland;1993;2494012;2494012
Maryland;1994;2540321,5;2540321.5
Maryland;1995;2574203,25;2574203.25
Maryland;1996;2602720,583;2602720.58333333
Maryland;1997;2629882,333;2629882.33333333
Maryland;1998;2642662,75;2642662.75
Maryland;1999;2667416,583;2667416.58333333
Maryland;2000;2703411,083;2703411.08333333
Maryland;2001;2724206,417;2724206.41666667
Maryland;2002;2742577,167;2742577.16666667
Maryland;2003;2754373,333;2754373.33333333
Maryland;2004;2766065,083;2766065.08333333
Maryland;2005;2803768,667;2803768.66666667
Maryland;2006;2849057,5;2849057.5
Maryland;2007;2867685,333;2867685.33333333
Maryland;2008;2874592,5;2874592.5
Maryland;2009;2820556,75;2820556.75
Maryland;2010;2838955,5;2838955.5
Maryland;2011;2872086,833;2872086.83333333
Maryland;2012;2902592,917;2902592.91666667
Maryland;2013;2923788,25;2923788.25
Maryland;2014;2941513,667;2941513.66666667
Maryland;2015;2980302,083;2980302.08333333
Maryland;2016;3019250,5;3019250.5
Maryland;2017;3057805,833;3057805.83333333
Maryland;2018;3071108,417;3071108.41666667
Maryland;2019;3084734,75;3084734.75
Massachusetts;1980;2706509,583;2706509.58333333
Massachusetts;1981;2751273,333;2751273.33333333
Massachusetts;1982;2756351,083;2756351.08333333
Massachusetts;1983;2794193,167;2794193.16666667
Massachusetts;1984;2893296;2893296
Massachusetts;1985;2930915;2930915
Massachusetts;1986;2946997,667;2946997.66666667
Massachusetts;1987;2994231,917;2994231.91666667
Massachusetts;1988;3039128,917;3039128.91666667
Massachusetts;1989;3044741,5;3044741.5
Massachusetts;1990;3003520,417;3003520.41666667
Massachusetts;1991;2919943,167;2919943.16666667
Massachusetts;1992;2911750,75;2911750.75
Massachusetts;1993;2952836,667;2952836.66666667
Massachusetts;1994;3007169,917;3007169.91666667
Massachusetts;1995;3044920,417;3044920.41666667
Massachusetts;1996;3098034,083;3098034.08333333
Massachusetts;1997;3176257,167;3176257.16666667
Massachusetts;1998;3230980,75;3230980.75
Massachusetts;1999;3247452,917;3247452.91666667
Massachusetts;2000;3240397,75;3240397.75
Massachusetts;2001;3254755,75;3254755.75
Massachusetts;2002;3250202,083;3250202.08333333
Massachusetts;2003;3226731,333;3226731.33333333
Massachusetts;2004;3220118;3220118
Massachusetts;2005;3220305,833;3220305.83333333
Massachusetts;2006;3245767,167;3245767.16666667
Massachusetts;2007;3268559,5;3268559.5
Massachusetts;2008;3261093,917;3261093.91666667
Massachusetts;2009;3190452,083;3190452.08333333
Massachusetts;2010;3190800,167;3190800.16666667
Massachusetts;2011;3217458,917;3217458.91666667
Massachusetts;2012;3253196,167;3253196.16666667
Massachusetts;2013;3277741,167;3277741.16666667
Massachusetts;2014;3363433,25;3363433.25
Massachusetts;2015;3418532,333;3418532.33333333
Massachusetts;2016;3479633,25;3479633.25
Massachusetts;2017;3557216,917;3557216.91666667
Massachusetts;2018;3676676,583;3676676.58333333
Massachusetts;2019;3726994,5;3726994.5
Michigan;1980;3772874,75;3772874.75
Michigan;1981;3768295,917;3768295.91666667
Michigan;1982;3628324,75;3628324.75
Michigan;1983;3673944,583;3673944.58333333
Michigan;1984;3853085,25;3853085.25
Michigan;1985;3925481,667;3925481.66666667
Michigan;1986;4010898,833;4010898.83333333
Michigan;1987;4136402,583;4136402.58333333
Michigan;1988;4212022,5;4212022.5
Michigan;1989;4261695,333;4261695.33333333
Michigan;1990;4255785,917;4255785.91666667
Michigan;1991;4172921,833;4172921.83333333
Michigan;1992;4258381,667;4258381.66666667
Michigan;1993;4400517,833;4400517.83333333
Michigan;1994;4518796,833;4518796.83333333
Michigan;1995;4559857,5;4559857.5
Michigan;1996;4639118,25;4639118.25
Michigan;1997;4744313,333;4744313.33333333
Michigan;1998;4818805,333;4818805.33333333
Michigan;1999;4927417,75;4927417.75
Michigan;2000;4974840,083;4974840.08333333
Michigan;2001;4855027,25;4855027.25
Michigan;2002;4702986,5;4702986.5
Michigan;2003;4666543,5;4666543.5
Michigan;2004;4704656,583;4704656.58333333
Michigan;2005;4739339;4739339
Michigan;2006;4720481,5;4720481.5
Michigan;2007;4659968,333;4659968.33333333
Michigan;2008;4526707,583;4526707.58333333
Michigan;2009;4237407,417;4237407.41666667
Michigan;2010;4194640,833;4194640.83333333
Michigan;2011;4197922,5;4197922.5
Michigan;2012;4247336,583;4247336.58333333
Michigan;2013;4309820,833;4309820.83333333
Michigan;2014;4416627,417;4416627.41666667
Michigan;2015;4502114,083;4502114.08333333
Michigan;2016;4606654,167;4606654.16666667
Michigan;2017;4660795,917;4660795.91666667
Michigan;2018;4698459;4698459
Michigan;2019;4733338;4733338
Minnesota;1980;1983342,75;1983342.75
Minnesota;1981;1999006,417;1999006.41666667
Minnesota;1982;1983627,167;1983627.16666667
Minnesota;1983;2001033,833;2001033.83333333
Minnesota;1984;2064183,25;2064183.25
Minnesota;1985;2094696,083;2094696.08333333
Minnesota;1986;2117586,5;2117586.5
Minnesota;1987;2163567;2163567
Minnesota;1988;2208823;2208823
Minnesota;1989;2250241,25;2250241.25
Minnesota;1990;2283910,833;2283910.83333333
Minnesota;1991;2302793,5;2302793.5
Minnesota;1992;2342190,583;2342190.58333333
Minnesota;1993;2391484,333;2391484.33333333
Minnesota;1994;2452203,417;2452203.41666667
Minnesota;1995;2506891,167;2506891.16666667
Minnesota;1996;2547641;2547641
Minnesota;1997;2592096,917;2592096.91666667
Minnesota;1998;2638875,083;2638875.08333333
Minnesota;1999;2680189,167;2680189.16666667
Minnesota;2000;2724218,833;2724218.83333333
Minnesota;2001;2737715,833;2737715.83333333
Minnesota;2002;2731168,25;2731168.25
Minnesota;2003;2734140,083;2734140.08333333
Minnesota;2004;2745235,5;2745235.5
Minnesota;2005;2763241,833;2763241.83333333
Minnesota;2006;2772055,167;2772055.16666667
Minnesota;2007;2773811;2773811
Minnesota;2008;2766048,583;2766048.58333333
Minnesota;2009;2713817,75;2713817.75
Minnesota;2010;2721572,083;2721572.08333333
Minnesota;2011;2754806,833;2754806.83333333
Minnesota;2012;2781618,75;2781618.75
Minnesota;2013;2811996,167;2811996.16666667
Minnesota;2014;2848837,333;2848837.33333333
Minnesota;2015;2887612;2887612
Minnesota;2016;2916450;2916450
Minnesota;2017;2952937,583;2952937.58333333
Minnesota;2018;2980354,083;2980354.08333333
Minnesota;2019;2991799,25;2991799.25
Mississippi;1980;978222;978222
Mississippi;1981;969235,25;969235.25
Mississippi;1982;945908,8333;945908.833333333
Mississippi;1983;932831,4167;932831.416666667
Mississippi;1984;963476,9167;963476.916666667
Mississippi;1985;1007191,333;1007191.33333333
Mississippi;1986;1021234,667;1021234.66666667
Mississippi;1987;1035275,333;1035275.33333333
Mississippi;1988;1049209,917;1049209.91666667
Mississippi;1989;1074804;1074804
Mississippi;1990;1093665,25;1093665.25
Mississippi;1991;1083032,333;1083032.33333333
Mississippi;1992;1094296,667;1094296.66666667
Mississippi;1993;1134674,667;1134674.66666667
Mississippi;1994;1170510,917;1170510.91666667
Mississippi;1995;1180477,083;1180477.08333333
Mississippi;1996;1188307,417;1188307.41666667
Mississippi;1997;1200379,083;1200379.08333333
Mississippi;1998;1207946,417;1207946.41666667
Mississippi;1999;1221048,833;1221048.83333333
Mississippi;2000;1248337,333;1248337.33333333
Mississippi;2001;1222432,5;1222432.5
Mississippi;2002;1201338,25;1201338.25
Mississippi;2003;1218821,083;1218821.08333333
Mississippi;2004;1232198,083;1232198.08333333
Mississippi;2005;1218788,5;1218788.5
Mississippi;2006;1205603;1205603
Mississippi;2007;1224337;1224337
Mississippi;2008;1220769,5;1220769.5
Mississippi;2009;1149253,083;1149253.08333333
Mississippi;2010;1170829,833;1170829.83333333
Mississippi;2011;1208963;1208963
Mississippi;2012;1198405,833;1198405.83333333
Mississippi;2013;1164023,083;1164023.08333333
Mississippi;2014;1156304,083;1156304.08333333
Mississippi;2015;1184503,167;1184503.16666667
Mississippi;2016;1205195,75;1205195.75
Mississippi;2017;1215149,75;1215149.75
Mississippi;2018;1214961,5;1214961.5
Mississippi;2019;1208282,25;1208282.25
Missouri;1980;2139862;2139862
Missouri;1981;2144737,333;2144737.33333333
Missouri;1982;2111767,75;2111767.75
Missouri;1983;2124042,667;2124042.66666667
Missouri;1984;2216295,667;2216295.66666667
Missouri;1985;2299115,083;2299115.08333333
Missouri;1986;2377701;2377701
Missouri;1987;2420650,583;2420650.58333333
Missouri;1988;2437120,833;2437120.83333333
Missouri;1989;2467663,083;2467663.08333333
Missouri;1990;2460709,417;2460709.41666667
Missouri;1991;2471806,5;2471806.5
Missouri;1992;2486984,917;2486984.91666667
Missouri;1993;2517210,417;2517210.41666667
Missouri;1994;2630098;2630098
Missouri;1995;2728652,5;2728652.5
Missouri;1996;2770024,833;2770024.83333333
Missouri;1997;2800735,5;2800735.5
Missouri;1998;2796275,25;2796275.25
Missouri;1999;2809943,5;2809943.5
Missouri;2000;2854070,167;2854070.16666667
Missouri;2001;2862667;2862667
Missouri;2002;2839724,083;2839724.08333333
Missouri;2003;2850411,25;2850411.25
Missouri;2004;2838208,417;2838208.41666667
Missouri;2005;2847042;2847042
Missouri;2006;2882107,75;2882107.75
Missouri;2007;2880095,083;2880095.08333333
Missouri;2008;2842392,583;2842392.58333333
Missouri;2009;2767877,583;2767877.58333333
Missouri;2010;2763502,167;2763502.16666667
Missouri;2011;2788834,917;2788834.91666667
Missouri;2012;2814593,083;2814593.08333333
Missouri;2013;2818656,167;2818656.16666667
Missouri;2014;2860212,583;2860212.58333333
Missouri;2015;2921299,333;2921299.33333333
Missouri;2016;2940330;2940330
Missouri;2017;2946334,5;2946334.5
Missouri;2018;2954342,667;2954342.66666667
Missouri;2019;2955459;2955459
Montana;1980;352790,3333;352790.333333333
Montana;1981;358601,9167;358601.916666667
Montana;1982;355784,75;355784.75
Montana;1983;362516,8333;362516.833333333
Montana;1984;371241;371241
Montana;1985;372102,1667;372102.166666667
Montana;1986;369915,25;369915.25
Montana;1987;371278,1667;371278.166666667
Montana;1988;377662,9167;377662.916666667
Montana;1989;385144,25;385144.25
Montana;1990;379126;379126
Montana;1991;377869,5833;377869.583333333
Montana;1992;389277,9167;389277.916666667
Montana;1993;397142,75;397142.75
Montana;1994;409629,5833;409629.583333333
Montana;1995;418048,8333;418048.833333333
Montana;1996;425402,5833;425402.583333333
Montana;1997;428618,3333;428618.333333333
Montana;1998;434895,6667;434895.666666667
Montana;1999;440132,8333;440132.833333333
Montana;2000;444275,8333;444275.833333333
Montana;2001;444835,3333;444835.333333333
Montana;2002;446564,9167;446564.916666667
Montana;2003;449232,75;449232.75
Montana;2004;457402,1667;457402.166666667
Montana;2005;464956;464956
Montana;2006;476403,8333;476403.833333333
Montana;2007;484119,8333;484119.833333333
Montana;2008;483141,75;483141.75
Montana;2009;466819,1667;466819.166666667
Montana;2010;464050,5;464050.5
Montana;2011;466456,3333;466456.333333333
Montana;2012;476276,5833;476276.583333333
Montana;2013;483054,6667;483054.666666667
Montana;2014;488528,5;488528.5
Montana;2015;495831,8333;495831.833333333
Montana;2016;500571,5;500571.5
Montana;2017;504295,5;504295.5
Montana;2018;508537,1667;508537.166666667
Montana;2019;510658,25;510658.25
Nebraska;1980;739617,5833;739617.583333333
Nebraska;1981;742289;742289
Nebraska;1982;740600,4167;740600.416666667
Nebraska;1983;744115,4167;744115.416666667
Nebraska;1984;756804,0833;756804.083333333
Nebraska;1985;764834,9167;764834.916666667
Nebraska;1986;767742,75;767742.75
Nebraska;1987;774192;774192
Nebraska;1988;784415,0833;784415.083333333
Nebraska;1989;792891;792891
Nebraska;1990;805614;805614
Nebraska;1991;814118,4167;814118.416666667
Nebraska;1992;823225,25;823225.25
Nebraska;1993;840637,0833;840637.083333333
Nebraska;1994;862883,1667;862883.166666667
Nebraska;1995;878486;878486
Nebraska;1996;889377,6667;889377.666666667
Nebraska;1997;898314,75;898314.75
Nebraska;1998;907168,8333;907168.833333333
Nebraska;1999;911641,25;911641.25
Nebraska;2000;918394,3333;918394.333333333
Nebraska;2001;920867;920867
Nebraska;2002;919633,5;919633.5
Nebraska;2003;926184,75;926184.75
Nebraska;2004;932523,0833;932523.083333333
Nebraska;2005;935926,8333;935926.833333333
Nebraska;2006;939822,5833;939822.583333333
Nebraska;2007;949605,9167;949605.916666667
Nebraska;2008;956600,3333;956600.333333333
Nebraska;2009;945724;945724
Nebraska;2010;947370,4167;947370.416666667
Nebraska;2011;959099,3333;959099.333333333
Nebraska;2012;974479,25;974479.25
Nebraska;2013;980013,4167;980013.416666667
Nebraska;2014;977604,9167;977604.916666667
Nebraska;2015;977013,1667;977013.166666667
Nebraska;2016;978619,6667;978619.666666667
Nebraska;2017;982403,0833;982403.083333333
Nebraska;2018;991622;991622
Nebraska;2019;999414,25;999414.25
Nevada;1980;403003,8333;403003.833333333
Nevada;1981;429919,8333;429919.833333333
Nevada;1982;434493,0833;434493.083333333
Nevada;1983;439445,75;439445.75
Nevada;1984;460216,1667;460216.166666667
Nevada;1985;476487,0833;476487.083333333
Nevada;1986;498012,8333;498012.833333333
Nevada;1987;522429,3333;522429.333333333
Nevada;1988;551636,1667;551636.166666667
Nevada;1989;575827,5833;575827.583333333
Nevada;1990;638135,9167;638135.916666667
Nevada;1991;661830,0833;661830.083333333
Nevada;1992;683165,5833;683165.583333333
Nevada;1993;716312,25;716312.25
Nevada;1994;761648,9167;761648.916666667
Nevada;1995;797294,0833;797294.083333333
Nevada;1996;846496,75;846496.75
Nevada;1997;898338,9167;898338.916666667
Nevada;1998;937598,5833;937598.583333333
Nevada;1999;979698,1667;979698.166666667
Nevada;2000;1022727,25;1022727.25
Nevada;2001;1054150,583;1054150.58333333
Nevada;2002;1066251,167;1066251.16666667
Nevada;2003;1088709,583;1088709.58333333
Nevada;2004;1126794,083;1126794.08333333
Nevada;2005;1173884,25;1173884.25
Nevada;2006;1233248,417;1233248.41666667
Nevada;2007;1270602,25;1270602.25
Nevada;2008;1272089,417;1272089.41666667
Nevada;2009;1196926,417;1196926.41666667
Nevada;2010;1175004,417;1175004.41666667
Nevada;2011;1194141,417;1194141.41666667
Nevada;2012;1222710,417;1222710.41666667
Nevada;2013;1248269,833;1248269.83333333
Nevada;2014;1278757,917;1278757.91666667
Nevada;2015;1311994;1311994
Nevada;2016;1342583,583;1342583.58333333
Nevada;2017;1384548,5;1384548.5
Nevada;2018;1431110,833;1431110.83333333
Nevada;2019;1456149;1456149
New Hampshire;1980;445567,5833;445567.583333333
New Hampshire;1981;452875,0833;452875.083333333
New Hampshire;1982;454004,8333;454004.833333333
New Hampshire;1983;470886,1667;470886.166666667
New Hampshire;1984;498185,9167;498185.916666667
New Hampshire;1985;520893,6667;520893.666666667
New Hampshire;1986;545931;545931
New Hampshire;1987;568987,9167;568987.916666667
New Hampshire;1988;585471,5;585471.5
New Hampshire;1989;592013,6667;592013.666666667
New Hampshire;1990;584991,25;584991.25
New Hampshire;1991;569466,25;569466.25
New Hampshire;1992;569494,3333;569494.333333333
New Hampshire;1993;579711;579711
New Hampshire;1994;595226,5833;595226.583333333
New Hampshire;1995;606170,0833;606170.083333333
New Hampshire;1996;613920,75;613920.75
New Hampshire;1997;627773;627773
New Hampshire;1998;643056,25;643056.25
New Hampshire;1999;656992,6667;656992.666666667
New Hampshire;2000;669694,3333;669694.333333333
New Hampshire;2001;673653,25;673653.25
New Hampshire;2002;670834,75;670834.75
New Hampshire;2003;676947,75;676947.75
New Hampshire;2004;689230,5;689230.5
New Hampshire;2005;699914,8333;699914.833333333
New Hampshire;2006;706863,9167;706863.916666667
New Hampshire;2007;712097,0833;712097.083333333
New Hampshire;2008;714062,75;714062.75
New Hampshire;2009;697814,5;697814.5
New Hampshire;2010;695242,1667;695242.166666667
New Hampshire;2011;696579,4167;696579.416666667
New Hampshire;2012;700414,4167;700414.416666667
New Hampshire;2013;703614;703614
New Hampshire;2014;711556,75;711556.75
New Hampshire;2015;720454,1667;720454.166666667
New Hampshire;2016;729869,5833;729869.583333333
New Hampshire;2017;734043,0833;734043.083333333
New Hampshire;2018;742356,3333;742356.333333333
New Hampshire;2019;747778,75;747778.75
New Jersey;1980;3333760,833;3333760.83333333
New Jersey;1981;3337124,167;3337124.16666667
New Jersey;1982;3310441,167;3310441.16666667
New Jersey;1983;3392898,833;3392898.83333333
New Jersey;1984;3575456,417;3575456.41666667
New Jersey;1985;3628303,25;3628303.25
New Jersey;1986;3707745,417;3707745.41666667
New Jersey;1987;3799945,167;3799945.16666667
New Jersey;1988;3823064,333;3823064.33333333
New Jersey;1989;3832470,333;3832470.33333333
New Jersey;1990;3849537,5;3849537.5
New Jersey;1991;3793987;3793987
New Jersey;1992;3723163,583;3723163.58333333
New Jersey;1993;3713842,25;3713842.25
New Jersey;1994;3781912,583;3781912.58333333
New Jersey;1995;3857821,583;3857821.58333333
New Jersey;1996;3947236,75;3947236.75
New Jersey;1997;4040194,667;4040194.66666667
New Jersey;1998;4052562,333;4052562.33333333
New Jersey;1999;4095349,583;4095349.58333333
New Jersey;2000;4123209;4123209
New Jersey;2001;4106196,083;4106196.08333333
New Jersey;2002;4095688,083;4095688.08333333
New Jersey;2003;4092918,25;4092918.25
New Jersey;2004;4137907,583;4137907.58333333
New Jersey;2005;4195496,25;4195496.25
New Jersey;2006;4235370,667;4235370.66666667
New Jersey;2007;4253058,083;4253058.08333333
New Jersey;2008;4263119,083;4263119.08333333
New Jersey;2009;4140105,5;4140105.5
New Jersey;2010;4121498,583;4121498.58333333
New Jersey;2011;4138359,833;4138359.83333333
New Jersey;2012;4160294,917;4160294.91666667
New Jersey;2013;4174342;4174342
New Jersey;2014;4183354,167;4183354.16666667
New Jersey;2015;4229749,333;4229749.33333333
New Jersey;2016;4252420,583;4252420.58333333
New Jersey;2017;4247475,75;4247475.75
New Jersey;2018;4238478,25;4238478.25
New Jersey;2019;4267527,75;4267527.75
New Mexico;1980;523372,3333;523372.333333333
New Mexico;1981;535944;535944
New Mexico;1982;540360,5833;540360.583333333
New Mexico;1983;549978,25;549978.25
New Mexico;1984;576133,5833;576133.583333333
New Mexico;1985;595475,8333;595475.833333333
New Mexico;1986;608800,3333;608800.333333333
New Mexico;1987;616998,4167;616998.416666667
New Mexico;1988;634189,4167;634189.416666667
New Mexico;1989;649710,4167;649710.416666667
New Mexico;1990;666907,6667;666907.666666667
New Mexico;1991;673554,25;673554.25
New Mexico;1992;688492,9167;688492.916666667
New Mexico;1993;706191;706191
New Mexico;1994;730443,5833;730443.583333333
New Mexico;1995;746525,0833;746525.083333333
New Mexico;1996;753942,5833;753942.583333333
New Mexico;1997;771134,25;771134.25
New Mexico;1998;783956,25;783956.25
New Mexico;1999;789774,4167;789774.416666667
New Mexico;2000;804102;804102
New Mexico;2001;815715;815715
New Mexico;2002;826104,9167;826104.916666667
New Mexico;2003;837608,1667;837608.166666667
New Mexico;2004;852507,5833;852507.583333333
New Mexico;2005;871350,25;871350.25
New Mexico;2006;889333,8333;889333.833333333
New Mexico;2007;899004,4167;899004.416666667
New Mexico;2008;902291,5833;902291.583333333
New Mexico;2009;869764,5;869764.5
New Mexico;2010;860311,1667;860311.166666667
New Mexico;2011;860300,9167;860300.916666667
New Mexico;2012;861561,9167;861561.916666667
New Mexico;2013;860052,8333;860052.833333333
New Mexico;2014;869514,8333;869514.833333333
New Mexico;2015;873538,25;873538.25
New Mexico;2016;874377,3333;874377.333333333
New Mexico;2017;881360,0833;881360.083333333
New Mexico;2018;893565,5;893565.5
New Mexico;2019;904144,75;904144.75
New York;1980;7378328,75;7378328.75
New York;1981;7413210,667;7413210.66666667
New York;1982;7303237,083;7303237.08333333
New York;1983;7338453;7338453
New York;1984;7525216,5;7525216.5
New York;1985;7744525,167;7744525.16666667
New York;1986;7913307;7913307
New York;1987;8068578,75;8068578.75
New York;1988;8181719,5;8181719.5
New York;1989;8266545,667;8266545.66666667
New York;1990;8339965,25;8339965.25
New York;1991;8110469,75;8110469.75
New York;1992;7997220,25;7997220.25
New York;1993;8027968,5;8027968.5
New York;1994;8074716,667;8074716.66666667
New York;1995;8113706,5;8113706.5
New York;1996;8236158;8236158
New York;1997;8433959,333;8433959.33333333
New York;1998;8564649,25;8564649.25
New York;1999;8655507,417;8655507.41666667
New York;2000;8720050,917;8720050.91666667
New York;2001;8708290,083;8708290.08333333
New York;2002;8706671,25;8706671.25
New York;2003;8671733,583;8671733.58333333
New York;2004;8810157,333;8810157.33333333
New York;2005;8987898,417;8987898.41666667
New York;2006;9075772,583;9075772.58333333
New York;2007;9089996,5;9089996.5
New York;2008;9136831,5;9136831.5
New York;2009;8848935,917;8848935.91666667
New York;2010;8770193,75;8770193.75
New York;2011;8726728;8726728
New York;2012;8794634,917;8794634.91666667
New York;2013;8916340,583;8916340.58333333
New York;2014;8926771,917;8926771.91666667
New York;2015;9059359,833;9059359.83333333
New York;2016;9094030,5;9094030.5
New York;2017;9113503,833;9113503.83333333
New York;2018;9177184,833;9177184.83333333
New York;2019;9237834,75;9237834.75
North Carolina;1980;2671589,75;2671589.75
North Carolina;1981;2722469,5;2722469.5
North Carolina;1982;2665814,083;2665814.08333333
North Carolina;1983;2680735,5;2680735.5
North Carolina;1984;2826462,583;2826462.58333333
North Carolina;1985;2933531,583;2933531.58333333
North Carolina;1986;3017401,583;3017401.58333333
North Carolina;1987;3118700,75;3118700.75
North Carolina;1988;3199748,667;3199748.66666667
North Carolina;1989;3276856,167;3276856.16666667
North Carolina;1990;3332838,75;3332838.75
North Carolina;1991;3333903,917;3333903.91666667
North Carolina;1992;3386036;3386036
North Carolina;1993;3446237,75;3446237.75
North Carolina;1994;3525205,167;3525205.16666667
North Carolina;1995;3602187,083;3602187.08333333
North Carolina;1996;3734348,25;3734348.25
North Carolina;1997;3834700,917;3834700.91666667
North Carolina;1998;3853785,75;3853785.75
North Carolina;1999;3927293,75;3927293.75
North Carolina;2000;3987738,5;3987738.5
North Carolina;2001;3965314,5;3965314.5
North Carolina;2002;3907026,667;3907026.66666667
North Carolina;2003;3983484,333;3983484.33333333
North Carolina;2004;4019042,667;4019042.66666667
North Carolina;2005;4091336,667;4091336.66666667
North Carolina;2006;4232629,5;4232629.5
North Carolina;2007;4301343,75;4301343.75
North Carolina;2008;4280490;4280490
North Carolina;2009;4089817;4089817
North Carolina;2010;4115869,333;4115869.33333333
North Carolina;2011;4157655,5;4157655.5
North Carolina;2012;4246640,5;4246640.5
North Carolina;2013;4318598,25;4318598.25
North Carolina;2014;4400857,25;4400857.25
North Carolina;2015;4498212,75;4498212.75
North Carolina;2016;4613386,917;4613386.91666667
North Carolina;2017;4717450,417;4717450.41666667
North Carolina;2018;4786172,167;4786172.16666667
North Carolina;2019;4822728,75;4822728.75
North Dakota;1980;288401,8333;288401.833333333
North Dakota;1981;294612,8333;294612.833333333
North Dakota;1982;298401,5833;298401.583333333
North Dakota;1983;302112,8333;302112.833333333
North Dakota;1984;309576,5;309576.5
North Dakota;1985;313700,25;313700.25
North Dakota;1986;313078,25;313078.25
North Dakota;1987;314357,0833;314357.083333333
North Dakota;1988;315494,8333;315494.833333333
North Dakota;1989;316296;316296
North Dakota;1990;304422,75;304422.75
North Dakota;1991;301509,75;301509.75
North Dakota;1992;300933,25;300933.25
North Dakota;1993;310070;310070
North Dakota;1994;324255,8333;324255.833333333
North Dakota;1995;329392,3333;329392.333333333
North Dakota;1996;337431,75;337431.75
North Dakota;1997;341815,9167;341815.916666667
North Dakota;1998;339428,0833;339428.083333333
North Dakota;1999;332211;332211
North Dakota;2000;332467,75;332467.75
North Dakota;2001;331796,5833;331796.583333333
North Dakota;2002;327951,5;327951.5
North Dakota;2003;331852;331852
North Dakota;2004;340406,8333;340406.833333333
North Dakota;2005;343553,0833;343553.083333333
North Dakota;2006;349845,1667;349845.166666667
North Dakota;2007;355809,6667;355809.666666667
North Dakota;2008;359282,1667;359282.166666667
North Dakota;2009;353503,1667;353503.166666667
North Dakota;2010;364035,1667;364035.166666667
North Dakota;2011;375112,6667;375112.666666667
North Dakota;2012;385649,9167;385649.916666667
North Dakota;2013;394356,75;394356.75
North Dakota;2014;402481,9167;402481.916666667
North Dakota;2015;401531,5;401531.5
North Dakota;2016;400069,6667;400069.666666667
North Dakota;2017;399459;399459
North Dakota;2018;393746,3333;393746.333333333
North Dakota;2019;394981,5;394981.5
Ohio;1980;4662038,75;4662038.75
Ohio;1981;4624757,833;4624757.83333333
Ohio;1982;4475890,583;4475890.58333333
Ohio;1983;4466466,083;4466466.08333333
Ohio;1984;4614470,833;4614470.83333333
Ohio;1985;4695676,333;4695676.33333333
Ohio;1986;4791222,75;4791222.75
Ohio;1987;4886487,917;4886487.91666667
Ohio;1988;4997780;4997780
Ohio;1989;5081464,917;5081464.91666667
Ohio;1990;5112544,917;5112544.91666667
Ohio;1991;5081300,667;5081300.66666667
Ohio;1992;5097394,25;5097394.25
Ohio;1993;5137067,083;5137067.08333333
Ohio;1994;5238123,667;5238123.66666667
Ohio;1995;5320709,5;5320709.5
Ohio;1996;5363707,333;5363707.33333333
Ohio;1997;5431307,583;5431307.58333333
Ohio;1998;5462205,917;5462205.91666667
Ohio;1999;5509298,667;5509298.66666667
Ohio;2000;5557884,083;5557884.08333333
Ohio;2001;5565764,583;5565764.58333333
Ohio;2002;5517667,583;5517667.58333333
Ohio;2003;5504752,583;5504752.58333333
Ohio;2004;5501079,25;5501079.25
Ohio;2005;5541889,333;5541889.33333333
Ohio;2006;5623587,667;5623587.66666667
Ohio;2007;5658540;5658540
Ohio;2008;5580248,417;5580248.41666667
Ohio;2009;5298893,917;5298893.91666667
Ohio;2010;5247341,5;5247341.5
Ohio;2011;5260884,667;5260884.66666667
Ohio;2012;5284211,417;5284211.41666667
Ohio;2013;5292289,5;5292289.5
Ohio;2014;5372798,417;5372798.41666667
Ohio;2015;5418277;5418277
Ohio;2016;5451057,25;5451057.25
Ohio;2017;5482954;5482954
Ohio;2018;5491643,833;5491643.83333333
Ohio;2019;5532810;5532810
Oklahoma;1980;1309973,833;1309973.83333333
Oklahoma;1981;1386455,583;1386455.58333333
Oklahoma;1982;1404069,167;1404069.16666667
Oklahoma;1983;1412093,917;1412093.91666667
Oklahoma;1984;1449593,083;1449593.08333333
Oklahoma;1985;1454717,417;1454717.41666667
Oklahoma;1986;1459334,917;1459334.91666667
Oklahoma;1987;1445906,25;1445906.25
Oklahoma;1988;1429219,333;1429219.33333333
Oklahoma;1989;1433807,417;1433807.41666667
Oklahoma;1990;1436261,167;1436261.16666667
Oklahoma;1991;1412585,417;1412585.41666667
Oklahoma;1992;1425599,417;1425599.41666667
Oklahoma;1993;1442353,75;1442353.75
Oklahoma;1994;1462469,25;1462469.25
Oklahoma;1995;1484545;1484545
Oklahoma;1996;1516694,667;1516694.66666667
Oklahoma;1997;1544312,75;1544312.75
Oklahoma;1998;1568002,25;1568002.25
Oklahoma;1999;1598088,75;1598088.75
Oklahoma;2000;1610265,667;1610265.66666667
Oklahoma;2001;1614400,417;1614400.41666667
Oklahoma;2002;1608349,25;1608349.25
Oklahoma;2003;1593363,5;1593363.5
Oklahoma;2004;1607013,167;1607013.16666667
Oklahoma;2005;1627166,583;1627166.58333333
Oklahoma;2006;1646891,417;1646891.41666667
Oklahoma;2007;1655893,167;1655893.16666667
Oklahoma;2008;1680632,917;1680632.91666667
Oklahoma;2009;1652684,25;1652684.25
Oklahoma;2010;1648125,75;1648125.75
Oklahoma;2011;1668560,083;1668560.08333333
Oklahoma;2012;1708940,75;1708940.75
Oklahoma;2013;1707501,333;1707501.33333333
Oklahoma;2014;1717771,583;1717771.58333333
Oklahoma;2015;1751959,833;1751959.83333333
Oklahoma;2016;1743703,167;1743703.16666667
Oklahoma;2017;1758621,667;1758621.66666667
Oklahoma;2018;1779391,583;1779391.58333333
Oklahoma;2019;1772205,75;1772205.75
Oregon;1980;1188193,75;1188193.75
Oregon;1981;1202176,667;1202176.66666667
Oregon;1982;1176042,583;1176042.58333333
Oregon;1983;1190008,333;1190008.33333333
Oregon;1984;1203153,25;1203153.25
Oregon;1985;1204952,917;1204952.91666667
Oregon;1986;1247686,583;1247686.58333333
Oregon;1987;1303429;1303429
Oregon;1988;1348673,833;1348673.83333333
Oregon;1989;1387010,417;1387010.41666667
Oregon;1990;1408108,583;1408108.58333333
Oregon;1991;1420466,25;1420466.25
Oregon;1992;1439213,333;1439213.33333333
Oregon;1993;1487352,083;1487352.08333333
Oregon;1994;1557517;1557517
Oregon;1995;1590899,417;1590899.41666667
Oregon;1996;1621699,083;1621699.08333333
Oregon;1997;1651309;1651309
Oregon;1998;1678186,417;1678186.41666667
Oregon;1999;1694776,583;1694776.58333333
Oregon;2000;1725989;1725989
Oregon;2001;1706837,333;1706837.33333333
Oregon;2002;1697545,5;1697545.5
Oregon;2003;1695519,75;1695519.75
Oregon;2004;1703785,417;1703785.41666667
Oregon;2005;1731856,083;1731856.08333333
Oregon;2006;1784741,25;1784741.25
Oregon;2007;1822887,167;1822887.16666667
Oregon;2008;1826923,167;1826923.16666667
Oregon;2009;1754234,75;1754234.75
Oregon;2010;1773242,833;1773242.83333333
Oregon;2011;1804104,417;1804104.41666667
Oregon;2012;1781106,167;1781106.16666667
Oregon;2013;1760529,333;1760529.33333333
Oregon;2014;1805571,417;1805571.41666667
Oregon;2015;1868311,583;1868311.58333333
Oregon;2016;1949829,25;1949829.25
Oregon;2017;2004829,833;2004829.83333333
Oregon;2018;2016735,333;2016735.33333333
Oregon;2019;2027576,5;2027576.5
Pennsylvania;1980;4999640,167;4999640.16666667
Pennsylvania;1981;5018618;5018618
Pennsylvania;1982;4878967,333;4878967.33333333
Pennsylvania;1983;4849377,667;4849377.66666667
Pennsylvania;1984;4996345,083;4996345.08333333
Pennsylvania;1985;5108862;5108862
Pennsylvania;1986;5217594,667;5217594.66666667
Pennsylvania;1987;5342563,333;5342563.33333333
Pennsylvania;1988;5472922,75;5472922.75
Pennsylvania;1989;5553815,917;5553815.91666667
Pennsylvania;1990;5509227,333;5509227.33333333
Pennsylvania;1991;5442965,5;5442965.5
Pennsylvania;1992;5462294,833;5462294.83333333
Pennsylvania;1993;5491190,917;5491190.91666667
Pennsylvania;1994;5524048,667;5524048.66666667
Pennsylvania;1995;5562307;5562307
Pennsylvania;1996;5655447,333;5655447.33333333
Pennsylvania;1997;5746759,583;5746759.58333333
Pennsylvania;1998;5784280,333;5784280.33333333
Pennsylvania;1999;5811826,917;5811826.91666667
Pennsylvania;2000;5855267,167;5855267.16666667
Pennsylvania;2001;5880705,25;5880705.25
Pennsylvania;2002;5868859,833;5868859.83333333
Pennsylvania;2003;5820712,25;5820712.25
Pennsylvania;2004;5876027,333;5876027.33333333
Pennsylvania;2005;5941360,75;5941360.75
Pennsylvania;2006;6005531,333;6005531.33333333
Pennsylvania;2007;6065160;6065160
Pennsylvania;2008;6108554,083;6108554.08333333
Pennsylvania;2009;5887431,583;5887431.58333333
Pennsylvania;2010;5841846,75;5841846.75
Pennsylvania;2011;5888538,833;5888538.83333333
Pennsylvania;2012;5958275,167;5958275.16666667
Pennsylvania;2013;5970087,75;5970087.75
Pennsylvania;2014;6017362,167;6017362.16666667
Pennsylvania;2015;6077330,667;6077330.66666667
Pennsylvania;2016;6103414,083;6103414.08333333
Pennsylvania;2017;6110641;6110641
Pennsylvania;2018;6146127,5;6146127.5
Pennsylvania;2019;6211122,25;6211122.25
Rhode Island;1980;435191,1667;435191.166666667
Rhode Island;1981;438931,5833;438931.583333333
Rhode Island;1982;429943,5;429943.5
Rhode Island;1983;437227,75;437227.75
Rhode Island;1984;460599,0833;460599.083333333
Rhode Island;1985;476100,25;476100.25
Rhode Island;1986;488606,25;488606.25
Rhode Island;1987;498251,25;498251.25
Rhode Island;1988;505435,8333;505435.833333333
Rhode Island;1989;503089,3333;503089.333333333
Rhode Island;1990;491839,5833;491839.583333333
Rhode Island;1991;474093,25;474093.25
Rhode Island;1992;479671,75;479671.75
Rhode Island;1993;481821,5;481821.5
Rhode Island;1994;478622;478622
Rhode Island;1995;479028,0833;479028.083333333
Rhode Island;1996;487992,1667;487992.166666667
Rhode Island;1997;500745,0833;500745.083333333
Rhode Island;1998;508051,25;508051.25
Rhode Island;1999;515813;515813
Rhode Island;2000;521363,8333;521363.833333333
Rhode Island;2001;519095,5833;519095.583333333
Rhode Island;2002;522825,5833;522825.583333333
Rhode Island;2003;530499,0833;530499.083333333
Rhode Island;2004;529884,4167;529884.416666667
Rhode Island;2005;537171,6667;537171.666666667
Rhode Island;2006;544382,5;544382.5
Rhode Island;2007;543424,9167;543424.916666667
Rhode Island;2008;525911,1667;525911.166666667
Rhode Island;2009;505039,75;505039.75
Rhode Island;2010;503196,25;503196.25
Rhode Island;2011;498310,5833;498310.583333333
Rhode Island;2012;500446,5833;500446.583333333
Rhode Island;2013;505399,3333;505399.333333333
Rhode Island;2014;513741,3333;513741.333333333
Rhode Island;2015;521414,5;521414.5
Rhode Island;2016;524764,5;524764.5
Rhode Island;2017;529219,3333;529219.333333333
Rhode Island;2018;533192,25;533192.25
Rhode Island;2019;533235,75;533235.75
South Carolina;1980;1309855,833;1309855.83333333
South Carolina;1981;1323792,667;1323792.66666667
South Carolina;1982;1314304,417;1314304.41666667
South Carolina;1983;1338195;1338195
South Carolina;1984;1401003,917;1401003.91666667
South Carolina;1985;1440920,25;1440920.25
South Carolina;1986;1485488,25;1485488.25
South Carolina;1987;1534504,917;1534504.91666667
South Carolina;1988;1580080,417;1580080.41666667
South Carolina;1989;1619434,167;1619434.16666667
South Carolina;1990;1659231,833;1659231.83333333
South Carolina;1991;1651416,667;1651416.66666667
South Carolina;1992;1668780,167;1668780.16666667
South Carolina;1993;1696736,917;1696736.91666667
South Carolina;1994;1728223,667;1728223.66666667
South Carolina;1995;1760597,583;1760597.58333333
South Carolina;1996;1784133,833;1784133.83333333
South Carolina;1997;1824416,417;1824416.41666667
South Carolina;1998;1868008,833;1868008.83333333
South Carolina;1999;1897079,167;1897079.16666667
South Carolina;2000;1918491,25;1918491.25
South Carolina;2001;1847873,833;1847873.83333333
South Carolina;2002;1836202,75;1836202.75
South Carolina;2003;1859454,5;1859454.5
South Carolina;2004;1893948,333;1893948.33333333
South Carolina;2005;1929536,417;1929536.41666667
South Carolina;2006;1972903,25;1972903.25
South Carolina;2007;2006063,417;2006063.41666667
South Carolina;2008;1995886,083;1995886.08333333
South Carolina;2009;1911301,583;1911301.58333333
South Carolina;2010;1915151,583;1915151.58333333
South Carolina;2011;1946073,5;1946073.5
South Carolina;2012;1984913,917;1984913.91666667
South Carolina;2013;2024616,75;2024616.75
South Carolina;2014;2078604,083;2078604.08333333
South Carolina;2015;2132379,167;2132379.16666667
South Carolina;2016;2175854,917;2175854.91666667
South Carolina;2017;2207820,083;2207820.08333333
South Carolina;2018;2242433,833;2242433.83333333
South Carolina;2019;2270730,25;2270730.25
South Dakota;1980;319020,3333;319020.333333333
South Dakota;1981;317796,4167;317796.416666667
South Dakota;1982;313718,75;313718.75
South Dakota;1983;317100,6667;317100.666666667
South Dakota;1984;326945;326945
South Dakota;1985;328682,9167;328682.916666667
South Dakota;1986;332918,5833;332918.583333333
South Dakota;1987;338438;338438
South Dakota;1988;342812,25;342812.25
South Dakota;1989;346510,25;346510.25
South Dakota;1990;334066,3333;334066.333333333
South Dakota;1991;337846,0833;337846.083333333
South Dakota;1992;344821,25;344821.25
South Dakota;1993;353245,5833;353245.583333333
South Dakota;1994;365835,4167;365835.416666667
South Dakota;1995;375528,1667;375528.166666667
South Dakota;1996;378869,75;378869.75
South Dakota;1997;382183,9167;382183.916666667
South Dakota;1998;388297,6667;388297.666666667
South Dakota;1999;395087,4167;395087.416666667
South Dakota;2000;398661;398661
South Dakota;2001;399951,8333;399951.833333333
South Dakota;2002;404264,6667;404264.666666667
South Dakota;2003;408081,4167;408081.416666667
South Dakota;2004;411758,9167;411758.916666667
South Dakota;2005;414234,0833;414234.083333333
South Dakota;2006;421470,0833;421470.083333333
South Dakota;2007;430080,5833;430080.583333333
South Dakota;2008;432834,5833;432834.583333333
South Dakota;2009;423986,8333;423986.833333333
South Dakota;2010;419344,9167;419344.916666667
South Dakota;2011;420069,5;420069.5
South Dakota;2012;423531,25;423531.25
South Dakota;2013;426379,1667;426379.166666667
South Dakota;2014;431391,4167;431391.416666667
South Dakota;2015;435919,3333;435919.333333333
South Dakota;2016;439318,4167;439318.416666667
South Dakota;2017;441590,25;441590.25
South Dakota;2018;445418;445418
South Dakota;2019;450296;450296
Tennessee;1980;1926208,917;1926208.91666667
Tennessee;1981;1920298,75;1920298.75
Tennessee;1982;1882689,75;1882689.75
Tennessee;1983;1927944,583;1927944.58333333
Tennessee;1984;2034664;2034664
Tennessee;1985;2077953,167;2077953.16666667
Tennessee;1986;2118617,083;2118617.08333333
Tennessee;1987;2181049,167;2181049.16666667
Tennessee;1988;2209249,083;2209249.08333333
Tennessee;1989;2247429,583;2247429.58333333
Tennessee;1990;2265884,5;2265884.5
Tennessee;1991;2251080,167;2251080.16666667
Tennessee;1992;2296888,833;2296888.83333333
Tennessee;1993;2381270,667;2381270.66666667
Tennessee;1994;2530610,75;2530610.75
Tennessee;1995;2591949,917;2591949.91666667
Tennessee;1996;2624131,333;2624131.33333333
Tennessee;1997;2639732;2639732
Tennessee;1998;2692221,167;2692221.16666667
Tennessee;1999;2739864,417;2739864.41666667
Tennessee;2000;2733395,833;2733395.83333333
Tennessee;2001;2730197,5;2730197.5
Tennessee;2002;2756377,833;2756377.83333333
Tennessee;2003;2747496,833;2747496.83333333
Tennessee;2004;2724090,167;2724090.16666667
Tennessee;2005;2743758,417;2743758.41666667
Tennessee;2006;2877516,417;2877516.41666667
Tennessee;2007;2921248,5;2921248.5
Tennessee;2008;2853252;2853252
Tennessee;2009;2734825,333;2734825.33333333
Tennessee;2010;2792043,083;2792043.08333333
Tennessee;2011;2844354,667;2844354.66666667
Tennessee;2012;2858866,833;2858866.83333333
Tennessee;2013;2830184,833;2830184.83333333
Tennessee;2014;2825264,583;2825264.58333333
Tennessee;2015;2890064,25;2890064.25
Tennessee;2016;2981288,833;2981288.83333333
Tennessee;2017;3070269,333;3070269.33333333
Tennessee;2018;3130371,833;3130371.83333333
Tennessee;2019;3176729,25;3176729.25
Texas;1980;6404447,667;6404447.66666667
Texas;1981;6687197,417;6687197.41666667
Texas;1982;6867612,333;6867612.33333333
Texas;1983;7036977,5;7036977.5
Texas;1984;7361177,833;7361177.83333333
Texas;1985;7463312,667;7463312.66666667
Texas;1986;7463779,333;7463779.33333333
Texas;1987;7577388,5;7577388.5
Texas;1988;7725966,75;7725966.75
Texas;1989;7881935,583;7881935.58333333
Texas;1990;8070877,667;8070877.66666667
Texas;1991;8161734,667;8161734.66666667
Texas;1992;8316403,333;8316403.33333333
Texas;1993;8530807,667;8530807.66666667
Texas;1994;8792606,917;8792606.91666667
Texas;1995;8998330,917;8998330.91666667
Texas;1996;9166699,833;9166699.83333333
Texas;1997;9396817,333;9396817.33333333
Texas;1998;9604752;9604752
Texas;1999;9769720,167;9769720.16666667
Texas;2000;9929634,917;9929634.91666667
Texas;2001;10009490,75;10009490.75
Texas;2002;10066629,33;10066629.3333333
Texas;2003;10183520,42;10183520.4166667
Texas;2004;10336560,5;10336560.5
Texas;2005;10523422,33;10523422.3333333
Texas;2006;10773134,25;10773134.25
Texas;2007;10944055,08;10944055.0833333
Texas;2008;11102579,17;11102579.1666667
Texas;2009;11013562,83;11013562.8333333
Texas;2010;11245519,92;11245519.9166667
Texas;2011;11533387,5;11533387.5
Texas;2012;11818597,92;11818597.9166667
Texas;2013;12057177,5;12057177.5
Texas;2014;12373921,83;12373921.8333333
Texas;2015;12516543,08;12516543.0833333
Texas;2016;12730803,83;12730803.8333333
Texas;2017;13003416,25;13003416.25
Texas;2018;13306938,33;13306938.3333333
Texas;2019;13468925,75;13468925.75
Utah;1980;590729,25;590729.25
Utah;1981;604573,0833;604573.083333333
Utah;1982;618232,8333;618232.833333333
Utah;1983;627887,0833;627887.083333333
Utah;1984;659157,1667;659157.166666667
Utah;1985;686674,0833;686674.083333333
Utah;1986;704517,3333;704517.333333333
Utah;1987;708549,8333;708549.833333333
Utah;1988;723609,9167;723609.916666667
Utah;1989;753407,1667;753407.166666667
Utah;1990;785986,9167;785986.916666667
Utah;1991;812372,0833;812372.083333333
Utah;1992;845747;845747
Utah;1993;902793,3333;902793.333333333
Utah;1994;953299,5833;953299.583333333
Utah;1995;977331,9167;977331.916666667
Utah;1996;1003995,833;1003995.83333333
Utah;1997;1036263,417;1036263.41666667
Utah;1998;1060682,833;1060682.83333333
Utah;1999;1081433,667;1081433.66666667
Utah;2000;1103826,917;1103826.91666667
Utah;2001;1112905,917;1112905.91666667
Utah;2002;1115826,833;1115826.83333333
Utah;2003;1132464;1132464
Utah;2004;1169779,667;1169779.66666667
Utah;2005;1220656,333;1220656.33333333
Utah;2006;1279261,417;1279261.41666667
Utah;2007;1323908,75;1323908.75
Utah;2008;1322007,5;1322007.5
Utah;2009;1266322,25;1266322.25
Utah;2010;1249928,417;1249928.41666667
Utah;2011;1259412,25;1259412.25
Utah;2012;1298884,833;1298884.83333333
Utah;2013;1341310,833;1341310.83333333
Utah;2014;1372832,167;1372832.16666667
Utah;2015;1407776;1407776
Utah;2016;1454502,5;1454502.5
Utah;2017;1497677,833;1497677.83333333
Utah;2018;1522504,167;1522504.16666667
Utah;2019;1536595;1536595
Vermont;1980;234804,75;234804.75
Vermont;1981;242575,5;242575.5
Vermont;1982;244880,1667;244880.166666667
Vermont;1983;247309,75;247309.75
Vermont;1984;254925,75;254925.75
Vermont;1985;265613,6667;265613.666666667
Vermont;1986;276605,4167;276605.416666667
Vermont;1987;285150;285150
Vermont;1988;292141,9167;292141.916666667
Vermont;1989;295052,5;295052.5
Vermont;1990;289472,8333;289472.833333333
Vermont;1991;283649,3333;283649.333333333
Vermont;1992;288816,3333;288816.333333333
Vermont;1993;296471,6667;296471.666666667
Vermont;1994;301212,4167;301212.416666667
Vermont;1995;306190,1667;306190.166666667
Vermont;1996;310017,25;310017.25
Vermont;1997;315070,4167;315070.416666667
Vermont;1998;322485,75;322485.75
Vermont;1999;326960,9167;326960.916666667
Vermont;2000;322161,5833;322161.583333333
Vermont;2001;325874,75;325874.75
Vermont;2002;329420,25;329420.25
Vermont;2003;331082;331082
Vermont;2004;334939,1667;334939.166666667
Vermont;2005;338558,9167;338558.916666667
Vermont;2006;343830,4167;343830.416666667
Vermont;2007;339593;339593
Vermont;2008;338248,5833;338248.583333333
Vermont;2009;336174,5833;336174.583333333
Vermont;2010;337537;337537
Vermont;2011;338442,8333;338442.833333333
Vermont;2012;337298,0833;337298.083333333
Vermont;2013;335022,4167;335022.416666667
Vermont;2014;333428;333428
Vermont;2015;332359,6667;332359.666666667
Vermont;2016;333639,25;333639.25
Vermont;2017;335859,6667;335859.666666667
Vermont;2018;336877,75;336877.75
Vermont;2019;337716,75;337716.75
Virginia;1980;2428168,833;2428168.83333333
Virginia;1981;2451072,333;2451072.33333333
Virginia;1982;2453964,167;2453964.16666667
Virginia;1983;2545898,833;2545898.83333333
Virginia;1984;2673584,583;2673584.58333333
Virginia;1985;2705878,417;2705878.41666667
Virginia;1986;2767098,25;2767098.25
Virginia;1987;2876370,583;2876370.58333333
Virginia;1988;2960840,667;2960840.66666667
Virginia;1989;3030099,917;3030099.91666667
Virginia;1990;3105539,833;3105539.83333333
Virginia;1991;3142903,833;3142903.83333333
Virginia;1992;3186542,417;3186542.41666667
Virginia;1993;3201996,5;3201996.5
Virginia;1994;3261916,5;3261916.5
Virginia;1995;3295080,417;3295080.41666667
Virginia;1996;3268759,167;3268759.16666667
Virginia;1997;3314688,083;3314688.08333333
Virginia;1998;3385105,167;3385105.16666667
Virginia;1999;3444152,583;3444152.58333333
Virginia;2000;3522576,5;3522576.5
Virginia;2001;3551322,917;3551322.91666667
Virginia;2002;3570144,917;3570144.91666667
Virginia;2003;3598180,75;3598180.75
Virginia;2004;3649279,417;3649279.41666667
Virginia;2005;3758136,333;3758136.33333333
Virginia;2006;3854742,5;3854742.5
Virginia;2007;3914886,25;3914886.25
Virginia;2008;3969120,833;3969120.83333333
Virginia;2009;3844129,083;3844129.08333333
Virginia;2010;3861104,333;3861104.33333333
Virginia;2011;3933681,333;3933681.33333333
Virginia;2012;3968352,917;3968352.91666667
Virginia;2013;3996586,583;3996586.58333333
Virginia;2014;4019572,5;4019572.5
Virginia;2015;4029005,167;4029005.16666667
Virginia;2016;4069177,833;4069177.83333333
Virginia;2017;4150275,75;4150275.75
Virginia;2018;4201481,667;4201481.66666667
Virginia;2019;4230789;4230789
Washington;1980;1823601,5;1823601.5
Washington;1981;1806794;1806794
Washington;1982;1781201,333;1781201.33333333
Washington;1983;1828335,583;1828335.58333333
Washington;1984;1873299,5;1873299.5
Washington;1985;1922534,667;1922534.66666667
Washington;1986;2010410;2010410
Washington;1987;2091913;2091913
Washington;1988;2180503,75;2180503.75
Washington;1989;2307684,583;2307684.58333333
Washington;1990;2392300,083;2392300.08333333
Washington;1991;2385123,083;2385123.08333333
Washington;1992;2441529,417;2441529.41666667
Washington;1993;2495367,083;2495367.08333333
Washington;1994;2560033,5;2560033.5
Washington;1995;2630537,25;2630537.25
Washington;1996;2710344;2710344
Washington;1997;2835237,25;2835237.25
Washington;1998;2905167,583;2905167.58333333
Washington;1999;2935061,417;2935061.41666667
Washington;2000;2901730,083;2901730.08333333
Washington;2001;2847661;2847661
Washington;2002;2855168;2855168
Washington;2003;2895330,917;2895330.91666667
Washington;2004;2996429,583;2996429.58333333
Washington;2005;3082806,083;3082806.08333333
Washington;2006;3156030,333;3156030.33333333
Washington;2007;3243709,083;3243709.08333333
Washington;2008;3290590,25;3290590.25
Washington;2009;3212465,833;3212465.83333333
Washington;2010;3160566,5;3160566.5
Washington;2011;3140992,75;3140992.75
Washington;2012;3189356;3189356
Washington;2013;3220511,5;3220511.5
Washington;2014;3277527,417;3277527.41666667
Washington;2015;3350858,833;3350858.83333333
Washington;2016;3451267,583;3451267.58333333
Washington;2017;3543908,417;3543908.41666667
Washington;2018;3620265,667;3620265.66666667
Washington;2019;3677587,75;3677587.75
West Virginia;1980;712018,6667;712018.666666667
West Virginia;1981;703195,6667;703195.666666667
West Virginia;1982;673268,8333;673268.833333333
West Virginia;1983;629136;629136
West Virginia;1984;651786,25;651786.25
West Virginia;1985;657801,9167;657801.916666667
West Virginia;1986;659499,5;659499.5
West Virginia;1987;666399,1667;666399.166666667
West Virginia;1988;674705,0833;674705.083333333
West Virginia;1989;691758,25;691758.25
West Virginia;1990;697503;697503
West Virginia;1991;694058,6667;694058.666666667
West Virginia;1992;690664,75;690664.75
West Virginia;1993;696939,5833;696939.583333333
West Virginia;1994;713340,25;713340.25
West Virginia;1995;722972,5833;722972.583333333
West Virginia;1996;735784,3333;735784.333333333
West Virginia;1997;741956,8333;741956.833333333
West Virginia;1998;742715,8333;742715.833333333
West Virginia;1999;752518,5833;752518.583333333
West Virginia;2000;764750,0833;764750.083333333
West Virginia;2001;768514,5;768514.5
West Virginia;2002;752643,1667;752643.166666667
West Virginia;2003;738960,6667;738960.666666667
West Virginia;2004;741812;741812
West Virginia;2005;750669,0833;750669.083333333
West Virginia;2006;766271,0833;766271.083333333
West Virginia;2007;774123;774123
West Virginia;2008;777390;777390
West Virginia;2009;751370,8333;751370.833333333
West Virginia;2010;740977,3333;740977.333333333
West Virginia;2011;741914;741914
West Virginia;2012;747507,25;747507.25
West Virginia;2013;744606,75;744606.75
West Virginia;2014;736419,5833;736419.583333333
West Virginia;2015;729275,0833;729275.083333333
West Virginia;2016;735179,0833;735179.083333333
West Virginia;2017;739071,3333;739071.333333333
West Virginia;2018;741977,4167;741977.416666667
West Virginia;2019;748422,25;748422.25
Wisconsin;1980;2186910,583;2186910.58333333
Wisconsin;1981;2188055,167;2188055.16666667
Wisconsin;1982;2166512;2166512
Wisconsin;1983;2167689,75;2167689.75
Wisconsin;1984;2215998,917;2215998.91666667
Wisconsin;1985;2208444,583;2208444.58333333
Wisconsin;1986;2249298,833;2249298.83333333
Wisconsin;1987;2340008,083;2340008.08333333
Wisconsin;1988;2442806;2442806
Wisconsin;1989;2483542,333;2483542.33333333
Wisconsin;1990;2475647,25;2475647.25
Wisconsin;1991;2477531,083;2477531.08333333
Wisconsin;1992;2549485,917;2549485.91666667
Wisconsin;1993;2623561,833;2623561.83333333
Wisconsin;1994;2701630,417;2701630.41666667
Wisconsin;1995;2773670,083;2773670.08333333
Wisconsin;1996;2826908,75;2826908.75
Wisconsin;1997;2864421,75;2864421.75
Wisconsin;1998;2871014;2871014
Wisconsin;1999;2855475,75;2855475.75
Wisconsin;2000;2868880,333;2868880.33333333
Wisconsin;2001;2874918,667;2874918.66666667
Wisconsin;2002;2861915,583;2861915.58333333
Wisconsin;2003;2879342,083;2879342.08333333
Wisconsin;2004;2881700,583;2881700.58333333
Wisconsin;2005;2878253,833;2878253.83333333
Wisconsin;2006;2913831,167;2913831.16666667
Wisconsin;2007;2936823,083;2936823.08333333
Wisconsin;2008;2939966,5;2939966.5
Wisconsin;2009;2834967,583;2834967.58333333
Wisconsin;2010;2814739,083;2814739.08333333
Wisconsin;2011;2840485,917;2840485.91666667
Wisconsin;2012;2857571;2857571
Wisconsin;2013;2873047,083;2873047.08333333
Wisconsin;2014;2914938,667;2914938.66666667
Wisconsin;2015;2952135,083;2952135.08333333
Wisconsin;2016;3000302;3000302
Wisconsin;2017;3037721,75;3037721.75
Wisconsin;2018;3039252,083;3039252.08333333
Wisconsin;2019;3036850,75;3036850.75
Wyoming;1980;226868,75;226868.75
Wyoming;1981;239810,6667;239810.666666667
Wyoming;1982;241459,75;241459.75
Wyoming;1983;238452,8333;238452.833333333
Wyoming;1984;238245,5;238245.5
Wyoming;1985;234654,25;234654.25
Wyoming;1986;228492,75;228492.75
Wyoming;1987;221219,0833;221219.083333333
Wyoming;1988;222595,3333;222595.333333333
Wyoming;1989;223142,75;223142.75
Wyoming;1990;223438,9167;223438.916666667
Wyoming;1991;223346,8333;223346.833333333
Wyoming;1992;225468,4167;225468.416666667
Wyoming;1993;229915,4167;229915.416666667
Wyoming;1994;238222,5;238222.5
Wyoming;1995;243083,1667;243083.166666667
Wyoming;1996;243199,5;243199.5
Wyoming;1997;241717;241717
Wyoming;1998;245496,75;245496.75
Wyoming;1999;250631,5;250631.5
Wyoming;2000;256421,9167;256421.916666667
Wyoming;2001;259065,9167;259065.916666667
Wyoming;2002;258682,8333;258682.833333333
Wyoming;2003;261979,75;261979.75
Wyoming;2004;264326,0833;264326.083333333
Wyoming;2005;266651,8333;266651.833333333
Wyoming;2006;272313,75;272313.75
Wyoming;2007;278495;278495
Wyoming;2008;284246,5833;284246.583333333
Wyoming;2009;281175,4167;281175.416666667
Wyoming;2010;283745,8333;283745.833333333
Wyoming;2011;289029,3333;289029.333333333
Wyoming;2012;290977,3333;290977.333333333
Wyoming;2013;292122,6667;292122.666666667
Wyoming;2014;293319,6667;293319.666666667
Wyoming;2015;291293;291293
Wyoming;2016;284703,1667;284703.166666667
Wyoming;2017;280692,0833;280692.083333333
Wyoming;2018;277823,75;277823.75
Wyoming;2019;278672,25;278672.25
